pdf_page,printed_footer_numbers,page_bounds_pt,text_bbox_pt,text_characters,out_of_page_span_count,replacement_glyphs,image_count,vector_drawing_count,nonwhite_fraction,png_sha256
1,,"[0.0, 0.0, 595.280029296875, 841.8900146484375]","[150.61300659179688, 287.8856201171875, 444.6630554199219, 474.0980224609375]",164,0,0,0,0,0.012681,78c24898ca7e19b3cc8ed49d925df1854cb941a2cf73da7e7f075b1f0c251c24
2,,"[0.0, 0.0, 595.280029296875, 841.8900146484375]","[62.361907958984375, 272.5189208984375, 532.9163208007812, 405.0224914550781]",361,0,0,0,0,0.022689,3b629bdea1ad0a808b9018478bcc46cbfec256cd37d46281d6994baa73bcf2f3
3,1,"[0.0, 0.0, 595.280029296875, 841.8900146484375]","[62.36199951171875, 139.32200622558594, 532.91357421875, 811.3477172851562]",2288,0,0,0,0,0.041749,cc2069f6efc65bf5da63df9628fa67c74b1f89a5120cd8526ca039f34fbe5199
4,2,"[0.0, 0.0, 595.280029296875, 841.8900146484375]","[62.36199951171875, 25.839143753051758, 532.91357421875, 811.3477172851562]",3351,0,0,0,1,0.052383,3f87015faa2c1c0d02e7ca4f14b9549b4ed7b1b35672bbf4cad00325024236c8
5,3,"[0.0, 0.0, 595.280029296875, 841.8900146484375]","[62.36199951171875, 25.839143753051758, 532.91357421875, 811.3477172851562]",646,0,0,0,1,0.013688,3aba8d73384843102183e56f96d20fee600758408737259f5dfe6b909322fcbc
6,4,"[0.0, 0.0, 595.280029296875, 841.8900146484375]","[56.0460205078125, 139.32200622558594, 539.797607421875, 811.3477172851562]",1405,0,0,0,3,0.085378,9baefb1d512433f956ae8785274a8e27e6f04d48b80aaaac8da220a91d41c4f9
7,5,"[0.0, 0.0, 595.280029296875, 841.8900146484375]","[62.361968994140625, 25.839143753051758, 537.3805541992188, 811.3477172851562]",1725,0,0,0,4,0.081445,4ca790efaeb57e6385f39a0af67af1e629887adaf55aeffa6cca828ab7a4146e
8,6,"[0.0, 0.0, 595.280029296875, 841.8900146484375]","[62.361968994140625, 25.839143753051758, 538.3435668945312, 811.3477172851562]",1608,0,0,0,1,0.084161,712bffc779e0d3cfff57eceb06eaacf978e4cfec7f180f7db7341b459568c81d
9,7,"[0.0, 0.0, 595.280029296875, 841.8900146484375]","[62.361846923828125, 25.839143753051758, 532.9217529296875, 811.3477172851562]",1717,0,0,0,4,0.089226,ab86be7925dae813a046b8975ac45da22192322c66afdab5c345b0efee8f56da
10,8,"[0.0, 0.0, 595.280029296875, 841.8900146484375]","[60.10897445678711, 25.839143753051758, 532.9203491210938, 811.3477172851562]",1579,0,0,0,4,0.081036,e7691bfd738e3dc36d646a326b52fd45de78778f076666770c62d91fa102c895
11,9,"[0.0, 0.0, 595.280029296875, 841.8900146484375]","[62.3619384765625, 25.839143753051758, 534.49951171875, 811.3477172851562]",1982,0,0,0,3,0.095297,72a9495010e5640bb83c01e15bf06a614d63ead6496fdeb87a396da19df915d3
12,10,"[0.0, 0.0, 595.280029296875, 841.8900146484375]","[62.3619384765625, 25.839143753051758, 539.328857421875, 811.3477172851562]",1813,0,0,0,4,0.089761,b40c95e72cfd4b3f299c017197602e38f119ebd05e927d0556c81f483e5330d0
13,11,"[0.0, 0.0, 595.280029296875, 841.8900146484375]","[62.3619384765625, 25.839143753051758, 539.4121704101562, 811.3477172851562]",1629,0,0,0,4,0.08107,615a8802236fbc827e0b8d9c1600d63846f457e11daa44d17fa93435b5cb4a57
14,12,"[0.0, 0.0, 595.280029296875, 841.8900146484375]","[62.36199951171875, 25.839143753051758, 532.9134521484375, 811.3477172851562]",164,0,0,0,1,0.011622,8008d06f757dd58da4d109b71b2aa54d916c5184896b2dc0d9e78b9ddccf16a1
15,13,"[0.0, 0.0, 595.280029296875, 841.8900146484375]","[62.36199951171875, 139.32200622558594, 539.3287353515625, 811.3477172851562]",578,0,0,0,22,0.068626,9688881984daf51bd3149679f2c587c284d86bdea352d802da462e5d8a984ea0
16,14,"[0.0, 0.0, 595.280029296875, 841.8900146484375]","[62.36199951171875, 25.839143753051758, 532.9229125976562, 811.3477172851562]",322,0,0,0,119,0.025725,5fb376311b7948926606a5c5c53d6eabe1ec511967584ef3468bbb961351486b
17,15,"[0.0, 0.0, 595.280029296875, 841.8900146484375]","[62.361968994140625, 139.32200622558594, 539.8161010742188, 811.3477172851562]",1285,0,0,0,0,0.082329,d4cf60a23ded98c55f33c726a76adbe37c60ba681f1bb567c15b5e79ba25ad5b
18,16,"[0.0, 0.0, 595.280029296875, 841.8900146484375]","[62.36199951171875, 25.839143753051758, 532.9169921875, 811.3477172851562]",1849,0,0,0,4,0.085657,87119004f55ecfaa6618bc69571bacefa2b61896e362bf6b05f5df73573742dd
19,17,"[0.0, 0.0, 595.280029296875, 841.8900146484375]","[62.361968994140625, 25.839143753051758, 534.8803100585938, 811.3477172851562]",1485,0,0,0,1,0.072105,a63e1a668e2dff6efc17f26598cf949ab294514ea4aecfd8c062cc8baf565878
20,18,"[0.0, 0.0, 595.280029296875, 841.8900146484375]","[62.3619384765625, 25.839143753051758, 539.0243530273438, 811.3477172851562]",1528,0,0,0,1,0.078974,aac3d55befc1169c9d50765e868f93f950ebaa10901a1f1f89eed1e1394e18e2
21,19,"[0.0, 0.0, 595.280029296875, 841.8900146484375]","[62.361846923828125, 25.839143753051758, 534.5995483398438, 811.3477172851562]",1580,0,0,0,1,0.077586,414c5f00c97bcbf4f5c845748548f8fd8585247eb249f3fd8ff3baa1226b1ead
22,20,"[0.0, 0.0, 595.280029296875, 841.8900146484375]","[62.361968994140625, 25.839143753051758, 539.4127807617188, 811.3477172851562]",1821,0,0,0,1,0.093342,449f38c7097dfa0ac6d6dc8f3cc81aa65dded9e75de556545ca058080c268627
23,21,"[0.0, 0.0, 595.280029296875, 841.8900146484375]","[62.361968994140625, 25.839143753051758, 536.9817504882812, 811.3477172851562]",1471,0,0,0,1,0.069595,5279e4b846c6f36998061ec29a08fe6fe7007b80437eff541319917df736d7b0
24,22,"[0.0, 0.0, 595.280029296875, 841.8900146484375]","[62.36199951171875, 25.839143753051758, 539.3429565429688, 811.3477172851562]",1675,0,0,0,4,0.080452,beed88b4118c0b10d793fb9cbe4a7364e328098435b7bc5a810ccc7a31ed3a50
25,23,"[0.0, 0.0, 595.280029296875, 841.8900146484375]","[62.36192321777344, 25.839143753051758, 538.7468872070312, 811.3477172851562]",1608,0,0,0,4,0.091626,8df5078c25d7450e622b143555860e19fb3349a50e00ff6f64b5eeedf1c3e308
26,24,"[0.0, 0.0, 595.280029296875, 841.8900146484375]","[56.534000396728516, 25.839143753051758, 532.9136352539062, 811.3477172851562]",930,0,0,0,1,0.053147,4f809254f56ed2c5a324f66a0f63a4be20a1d9f85545de889dfe3c9a4291f5dd
27,25,"[0.0, 0.0, 595.280029296875, 841.8900146484375]","[62.3619384765625, 139.32200622558594, 534.3026123046875, 811.3477172851562]",1469,0,0,0,2,0.073431,fa90e0ed3d5a68e22eb4f9e364f5237281408ac1514a1b923b7a95df84ec7515
28,26,"[0.0, 0.0, 595.280029296875, 841.8900146484375]","[62.36199951171875, 25.839143753051758, 532.9134521484375, 811.3477172851562]",1606,0,0,0,6,0.056839,e2d32d1a2b2011484cffcfad064523af6dcb770d3ba2717c0aefcfcfe545e778
29,27,"[0.0, 0.0, 595.280029296875, 841.8900146484375]","[62.361968994140625, 25.839143753051758, 532.9134521484375, 811.3477172851562]",1351,0,0,0,4,0.058353,cb94074cb1097073415db1de6928dd181985685592963e639ea45915a24c8539
30,28,"[0.0, 0.0, 595.280029296875, 841.8900146484375]","[62.36199951171875, 25.839143753051758, 535.677978515625, 811.3477172851562]",2006,0,0,0,3,0.077138,f61016997d7e507d5eeafc63451e24d4d1f5c5052c7b453ea0916deec5a313b5
31,29,"[0.0, 0.0, 595.280029296875, 841.8900146484375]","[60.10900115966797, 25.839143753051758, 532.9134521484375, 811.3477172851562]",1354,0,0,0,4,0.071743,b182be643d560b96f2f0c58991a1c8ca09105f5d8ebaf50ff87882ed021caaf2
32,30,"[0.0, 0.0, 595.280029296875, 841.8900146484375]","[62.3619384765625, 25.839143753051758, 539.7977905273438, 811.3477172851562]",1575,0,0,0,1,0.07111,d7ef8805a7a759de6f71e09b8f9ed8e2da840335f95ba2509c5cc33596707731
33,31,"[0.0, 0.0, 595.280029296875, 841.8900146484375]","[62.361968994140625, 25.839143753051758, 539.8078002929688, 811.3477172851562]",1704,0,0,0,1,0.079429,913e88c2a2b14bcc4faca18a519f6e422bac7c0d22a303d3c6c6bb9869e3e828
34,32,"[0.0, 0.0, 595.280029296875, 841.8900146484375]","[62.36199951171875, 25.839143753051758, 537.517333984375, 811.3477172851562]",2041,0,0,0,4,0.09775,1cbaf2c9606ba3c4d8eccba8edba2fe40bd3f038777090b4ba01e1645a05cf75
35,33,"[0.0, 0.0, 595.280029296875, 841.8900146484375]","[62.361907958984375, 25.839143753051758, 532.9155883789062, 811.3477172851562]",2209,0,0,0,1,0.101772,93c3b6e78943d084aee21b761fbc289286bf95387f8befac3a706560e3d5e859
36,34,"[0.0, 0.0, 595.280029296875, 841.8900146484375]","[62.361968994140625, 139.32200622558594, 538.5452270507812, 811.3477172851562]",1497,0,0,0,0,0.084177,d30e3b08c4ff0c44e3ea90a2ee2d54d460a8040421c34fac0a4b670bd5b69190
37,35,"[0.0, 0.0, 595.280029296875, 841.8900146484375]","[62.36199951171875, 25.839143753051758, 532.9134521484375, 811.3477172851562]",1132,0,0,0,1,0.061675,5301a76e5f1bc542c77034aaae873fcda67a7eb2b3eec63ab2e36662a283ccc3
38,36,"[0.0, 0.0, 595.280029296875, 841.8900146484375]","[62.361968994140625, 25.839143753051758, 532.9201049804688, 811.3477172851562]",1150,0,0,0,1,0.060519,ef839016aea27ce3701efddc71ccf1c2cc441a10c82e2aa3a83585d3d5b01581
39,37,"[0.0, 0.0, 595.280029296875, 841.8900146484375]","[62.361968994140625, 25.839143753051758, 539.3286743164062, 811.3477172851562]",1158,0,0,0,1,0.059401,584d20ee453ba1acd24d303f4685ae3fc58a5fd18d1b751921e26bb404b533a6
40,38,"[0.0, 0.0, 595.280029296875, 841.8900146484375]","[56.53399658203125, 25.839143753051758, 533.873291015625, 811.3477172851562]",1586,0,0,0,1,0.076742,b8526c00a639fcbc5b343dff039574c9e93960204a6304918dd9ea77646aa336
41,39,"[0.0, 0.0, 595.280029296875, 841.8900146484375]","[56.046051025390625, 25.839143753051758, 539.8075561523438, 811.3477172851562]",1821,0,0,0,4,0.085928,2a0f3e25731a4b2b45b373946862e839a3d0ffef009cd9975fafeb92d17684d5
42,40,"[0.0, 0.0, 595.280029296875, 841.8900146484375]","[62.36198425292969, 25.839143753051758, 532.9224243164062, 811.3477172851562]",1321,0,0,0,1,0.072964,8a940c72fc9ee7a8d63400e6997ab239e951e5ef8af9b1372e3771c6d3d26b2f
43,41,"[0.0, 0.0, 595.280029296875, 841.8900146484375]","[62.361968994140625, 25.839143753051758, 539.3287963867188, 811.3477172851562]",1872,0,0,0,1,0.092647,26d88698f1ad90aabdbe221d9f06cfdefed24dd03e91f20295f73ab9e2c3fbb7
44,42,"[0.0, 0.0, 595.280029296875, 841.8900146484375]","[62.3619384765625, 25.839143753051758, 539.3289184570312, 811.3477172851562]",2149,0,0,0,1,0.098877,cb3040dc405c7ef5a46ac0e5a3aecdf2063e02b7e6c163dc210aacff299c1376
45,43,"[0.0, 0.0, 595.280029296875, 841.8900146484375]","[62.36199951171875, 25.839143753051758, 539.8001708984375, 811.3477172851562]",1852,0,0,0,3,0.088167,e8968783ddc8af8dfe36f42a400c988835e7635e9c1d54537811d5880d47ae49
46,44,"[0.0, 0.0, 595.280029296875, 841.8900146484375]","[62.361968994140625, 25.839143753051758, 532.9199829101562, 811.3477172851562]",636,0,0,0,4,0.031214,4c24a503d8a1d3b7fa8972430603526c33fe804afe92d3b0d85eca7ab16c9e6e
