input,endpoint_count
dither_rail[0],65
dither_rail[1],65
flash3[0],3
flash3[1],3
flash3[2],3
flash3[3],3
flash3[4],3
flash3[5],3
flash3[6],3
flash9[0],9
flash9[100],9
flash9[101],9
flash9[102],9
flash9[103],9
flash9[104],9
flash9[105],9
flash9[106],9
flash9[107],9
flash9[108],9
flash9[109],9
flash9[10],9
flash9[110],9
flash9[111],9
flash9[112],9
flash9[113],9
flash9[114],9
flash9[115],9
flash9[116],9
flash9[117],9
flash9[118],9
flash9[119],9
flash9[11],9
flash9[120],9
flash9[121],9
flash9[122],9
flash9[123],9
flash9[124],9
flash9[125],9
flash9[126],9
flash9[127],9
flash9[128],9
flash9[129],9
flash9[12],9
flash9[130],9
flash9[131],9
flash9[132],9
flash9[133],9
flash9[134],9
flash9[135],9
flash9[136],9
flash9[137],9
flash9[138],9
flash9[139],9
flash9[13],9
flash9[140],9
flash9[141],9
flash9[142],9
flash9[143],9
flash9[144],9
flash9[145],9
flash9[146],9
flash9[147],9
flash9[148],9
flash9[149],9
flash9[14],9
flash9[150],9
flash9[151],9
flash9[152],9
flash9[153],9
flash9[154],9
flash9[155],9
flash9[156],9
flash9[157],9
flash9[158],9
flash9[159],9
flash9[15],9
flash9[160],9
flash9[161],9
flash9[162],9
flash9[163],9
flash9[164],9
flash9[165],9
flash9[166],9
flash9[167],9
flash9[168],9
flash9[169],9
flash9[16],9
flash9[170],9
flash9[171],9
flash9[172],9
flash9[173],9
flash9[174],9
flash9[175],9
flash9[176],9
flash9[177],9
flash9[178],9
flash9[179],9
flash9[17],9
flash9[180],9
flash9[181],9
flash9[182],9
flash9[183],9
flash9[184],9
flash9[185],9
flash9[186],9
flash9[187],9
flash9[188],9
flash9[189],9
flash9[18],9
flash9[190],9
flash9[191],9
flash9[192],9
flash9[193],9
flash9[194],9
flash9[195],9
flash9[196],9
flash9[197],9
flash9[198],9
flash9[199],9
flash9[19],9
flash9[1],9
flash9[200],9
flash9[201],9
flash9[202],9
flash9[203],9
flash9[204],9
flash9[205],9
flash9[206],9
flash9[207],9
flash9[208],9
flash9[209],9
flash9[20],9
flash9[210],9
flash9[211],9
flash9[212],9
flash9[213],9
flash9[214],9
flash9[215],9
flash9[216],9
flash9[217],9
flash9[218],9
flash9[219],9
flash9[21],9
flash9[220],9
flash9[221],9
flash9[222],9
flash9[223],9
flash9[224],9
flash9[225],9
flash9[226],9
flash9[227],9
flash9[228],9
flash9[229],9
flash9[22],9
flash9[230],9
flash9[231],9
flash9[232],9
flash9[233],9
flash9[234],9
flash9[235],9
flash9[236],9
flash9[237],9
flash9[238],9
flash9[239],9
flash9[23],9
flash9[240],9
flash9[241],9
flash9[242],9
flash9[243],9
flash9[244],9
flash9[245],9
flash9[246],9
flash9[247],9
flash9[248],9
flash9[249],9
flash9[24],9
flash9[250],9
flash9[251],9
flash9[252],9
flash9[253],9
flash9[254],9
flash9[255],9
flash9[256],9
flash9[257],9
flash9[258],9
flash9[259],9
flash9[25],9
flash9[260],9
flash9[261],9
flash9[262],9
flash9[263],9
flash9[264],9
flash9[265],9
flash9[266],9
flash9[267],9
flash9[268],9
flash9[269],9
flash9[26],9
flash9[270],9
flash9[271],9
flash9[272],9
flash9[273],9
flash9[274],9
flash9[275],9
flash9[276],9
flash9[277],9
flash9[278],9
flash9[279],9
flash9[27],9
flash9[280],9
flash9[281],9
flash9[282],9
flash9[283],9
flash9[284],9
flash9[285],9
flash9[286],9
flash9[287],9
flash9[288],9
flash9[289],9
flash9[28],9
flash9[290],9
flash9[291],9
flash9[292],9
flash9[293],9
flash9[294],9
flash9[295],9
flash9[296],9
flash9[297],9
flash9[298],9
flash9[299],9
flash9[29],9
flash9[2],9
flash9[300],9
flash9[301],9
flash9[302],9
flash9[303],9
flash9[304],9
flash9[305],9
flash9[306],9
flash9[307],9
flash9[308],9
flash9[309],9
flash9[30],9
flash9[310],9
flash9[311],9
flash9[312],9
flash9[313],9
flash9[314],9
flash9[315],9
flash9[316],9
flash9[317],9
flash9[318],9
flash9[319],9
flash9[31],9
flash9[320],9
flash9[321],9
flash9[322],9
flash9[323],9
flash9[324],9
flash9[325],9
flash9[326],9
flash9[327],9
flash9[328],9
flash9[329],9
flash9[32],9
flash9[330],9
flash9[331],9
flash9[332],9
flash9[333],9
flash9[334],9
flash9[335],9
flash9[336],9
flash9[337],9
flash9[338],9
flash9[339],9
flash9[33],9
flash9[340],9
flash9[341],9
flash9[342],9
flash9[343],9
flash9[344],9
flash9[345],9
flash9[346],9
flash9[347],9
flash9[348],9
flash9[349],9
flash9[34],9
flash9[350],9
flash9[351],9
flash9[352],9
flash9[353],9
flash9[354],9
flash9[355],9
flash9[356],9
flash9[357],9
flash9[358],9
flash9[359],9
flash9[35],9
flash9[360],9
flash9[361],9
flash9[362],9
flash9[363],9
flash9[364],9
flash9[365],9
flash9[366],9
flash9[367],9
flash9[368],9
flash9[369],9
flash9[36],9
flash9[370],9
flash9[371],9
flash9[372],9
flash9[373],9
flash9[374],9
flash9[375],9
flash9[376],9
flash9[377],9
flash9[378],9
flash9[379],9
flash9[37],9
flash9[380],9
flash9[381],9
flash9[382],9
flash9[383],9
flash9[384],9
flash9[385],9
flash9[386],9
flash9[387],9
flash9[388],9
flash9[389],9
flash9[38],9
flash9[390],9
flash9[391],9
flash9[392],9
flash9[393],9
flash9[394],9
flash9[395],9
flash9[396],9
flash9[397],9
flash9[398],9
flash9[399],9
flash9[39],9
flash9[3],9
flash9[400],9
flash9[401],9
flash9[402],9
flash9[403],9
flash9[404],9
flash9[405],9
flash9[406],9
flash9[407],9
flash9[408],9
flash9[409],9
flash9[40],9
flash9[410],9
flash9[411],9
flash9[412],9
flash9[413],9
flash9[414],9
flash9[415],9
flash9[416],9
flash9[417],9
flash9[418],9
flash9[419],9
flash9[41],9
flash9[420],9
flash9[421],9
flash9[422],9
flash9[423],9
flash9[424],9
flash9[425],9
flash9[426],9
flash9[427],9
flash9[428],9
flash9[429],9
flash9[42],9
flash9[430],9
flash9[431],9
flash9[432],9
flash9[433],9
flash9[434],9
flash9[435],9
flash9[436],9
flash9[437],9
flash9[438],9
flash9[439],9
flash9[43],9
flash9[440],9
flash9[441],9
flash9[442],9
flash9[443],9
flash9[444],9
flash9[445],9
flash9[446],9
flash9[447],9
flash9[448],9
flash9[449],9
flash9[44],9
flash9[450],9
flash9[451],9
flash9[452],9
flash9[453],9
flash9[454],9
flash9[455],9
flash9[456],9
flash9[457],9
flash9[458],9
flash9[459],9
flash9[45],9
flash9[460],9
flash9[461],9
flash9[462],9
flash9[463],9
flash9[464],9
flash9[465],9
flash9[466],9
flash9[467],9
flash9[468],9
flash9[469],9
flash9[46],9
flash9[470],9
flash9[471],9
flash9[472],9
flash9[473],9
flash9[474],9
flash9[475],9
flash9[476],9
flash9[477],9
flash9[478],9
flash9[479],9
flash9[47],9
flash9[480],9
flash9[481],9
flash9[482],9
flash9[483],9
flash9[484],9
flash9[485],9
flash9[486],9
flash9[487],9
flash9[488],9
flash9[489],9
flash9[48],9
flash9[490],9
flash9[491],9
flash9[492],9
flash9[493],9
flash9[494],9
flash9[495],9
flash9[496],9
flash9[497],9
flash9[498],9
flash9[499],9
flash9[49],9
flash9[4],9
flash9[500],9
flash9[501],9
flash9[502],9
flash9[503],9
flash9[504],9
flash9[505],9
flash9[506],9
flash9[507],9
flash9[508],9
flash9[509],9
flash9[50],9
flash9[510],9
flash9[51],9
flash9[52],9
flash9[53],9
flash9[54],9
flash9[55],9
flash9[56],9
flash9[57],9
flash9[58],9
flash9[59],9
flash9[5],9
flash9[60],9
flash9[61],9
flash9[62],9
flash9[63],9
flash9[64],9
flash9[65],9
flash9[66],9
flash9[67],9
flash9[68],9
flash9[69],9
flash9[6],9
flash9[70],9
flash9[71],9
flash9[72],9
flash9[73],9
flash9[74],9
flash9[75],9
flash9[76],9
flash9[77],9
flash9[78],9
flash9[79],9
flash9[7],9
flash9[80],9
flash9[81],9
flash9[82],9
flash9[83],9
flash9[84],9
flash9[85],9
flash9[86],9
flash9[87],9
flash9[88],9
flash9[89],9
flash9[8],9
flash9[90],9
flash9[91],9
flash9[92],9
flash9[93],9
flash9[94],9
flash9[95],9
flash9[96],9
flash9[97],9
flash9[98],9
flash9[99],9
flash9[9],9
ids[0],183
ids[1],183
ids[2],183
ids[3],183
ids[4],183
ids[5],183
ids[6],183
ids[7],183
ids[8],183
ids[9],183
main_on[0],65
main_on[1],65
main_on[2],65
main_on[3],65
sampling,130
sub_on[0],65
sub_on[1],65
weights[0],182
weights[100],170
weights[101],167
weights[102],164
weights[103],161
weights[104],158
weights[105],155
weights[106],152
weights[107],149
weights[108],146
weights[109],143
weights[10],152
weights[110],140
weights[111],137
weights[112],134
weights[113],131
weights[114],128
weights[115],125
weights[116],122
weights[117],119
weights[118],116
weights[119],113
weights[11],149
weights[120],110
weights[121],107
weights[122],104
weights[123],101
weights[124],98
weights[125],95
weights[126],92
weights[127],89
weights[128],86
weights[129],83
weights[12],146
weights[130],80
weights[131],77
weights[132],74
weights[133],71
weights[134],68
weights[135],65
weights[136],62
weights[137],59
weights[138],56
weights[139],53
weights[13],143
weights[140],50
weights[141],47
weights[142],44
weights[143],41
weights[144],182
weights[145],179
weights[146],176
weights[147],173
weights[148],170
weights[149],167
weights[14],140
weights[150],164
weights[151],161
weights[152],158
weights[153],155
weights[154],152
weights[155],149
weights[156],146
weights[157],143
weights[158],140
weights[159],137
weights[15],137
weights[160],134
weights[161],131
weights[162],128
weights[163],125
weights[164],122
weights[165],119
weights[166],116
weights[167],113
weights[168],110
weights[169],107
weights[16],134
weights[170],104
weights[171],101
weights[172],98
weights[173],95
weights[174],92
weights[175],89
weights[176],86
weights[177],83
weights[178],80
weights[179],77
weights[17],131
weights[180],74
weights[181],71
weights[182],68
weights[183],65
weights[184],62
weights[185],59
weights[186],56
weights[187],53
weights[188],50
weights[189],47
weights[18],128
weights[190],44
weights[191],41
weights[192],182
weights[193],179
weights[194],176
weights[195],173
weights[196],170
weights[197],167
weights[198],164
weights[199],161
weights[19],125
weights[1],179
weights[200],158
weights[201],155
weights[202],152
weights[203],149
weights[204],146
weights[205],143
weights[206],140
weights[207],137
weights[208],134
weights[209],131
weights[20],122
weights[210],128
weights[211],125
weights[212],122
weights[213],119
weights[214],116
weights[215],113
weights[216],110
weights[217],107
weights[218],104
weights[219],101
weights[21],119
weights[220],98
weights[221],95
weights[222],92
weights[223],89
weights[224],86
weights[225],83
weights[226],80
weights[227],77
weights[228],74
weights[229],71
weights[22],116
weights[230],68
weights[231],65
weights[232],62
weights[233],59
weights[234],56
weights[235],53
weights[236],50
weights[237],47
weights[238],44
weights[239],41
weights[23],113
weights[240],182
weights[241],179
weights[242],176
weights[243],173
weights[244],170
weights[245],167
weights[246],164
weights[247],161
weights[248],158
weights[249],155
weights[24],110
weights[250],152
weights[251],149
weights[252],146
weights[253],143
weights[254],140
weights[255],137
weights[256],134
weights[257],131
weights[258],128
weights[259],125
weights[25],107
weights[260],122
weights[261],119
weights[262],116
weights[263],113
weights[264],110
weights[265],107
weights[266],104
weights[267],101
weights[268],98
weights[269],95
weights[26],104
weights[270],92
weights[271],89
weights[272],86
weights[273],83
weights[274],80
weights[275],77
weights[276],74
weights[277],71
weights[278],68
weights[279],65
weights[27],101
weights[280],62
weights[281],59
weights[282],56
weights[283],53
weights[284],50
weights[285],47
weights[286],44
weights[287],41
weights[288],182
weights[289],179
weights[28],98
weights[290],176
weights[291],173
weights[292],170
weights[293],167
weights[294],164
weights[295],161
weights[296],158
weights[297],155
weights[298],152
weights[299],149
weights[29],95
weights[2],176
weights[300],146
weights[301],143
weights[302],140
weights[303],137
weights[304],134
weights[305],131
weights[306],128
weights[307],125
weights[308],122
weights[309],119
weights[30],92
weights[310],116
weights[311],113
weights[312],110
weights[313],107
weights[314],104
weights[315],101
weights[316],98
weights[317],95
weights[318],92
weights[319],89
weights[31],89
weights[320],86
weights[321],83
weights[322],80
weights[323],77
weights[324],74
weights[325],71
weights[326],68
weights[327],65
weights[328],62
weights[329],59
weights[32],86
weights[330],56
weights[331],53
weights[332],50
weights[333],47
weights[334],44
weights[335],41
weights[336],182
weights[337],179
weights[338],176
weights[339],173
weights[33],83
weights[340],170
weights[341],167
weights[342],164
weights[343],161
weights[344],158
weights[345],155
weights[346],152
weights[347],149
weights[348],146
weights[349],143
weights[34],80
weights[350],140
weights[351],137
weights[352],134
weights[353],131
weights[354],128
weights[355],125
weights[356],122
weights[357],119
weights[358],116
weights[359],113
weights[35],77
weights[360],110
weights[361],107
weights[362],104
weights[363],101
weights[364],98
weights[365],95
weights[366],92
weights[367],89
weights[368],86
weights[369],83
weights[36],74
weights[370],80
weights[371],77
weights[372],74
weights[373],71
weights[374],68
weights[375],65
weights[376],62
weights[377],59
weights[378],56
weights[379],53
weights[37],71
weights[380],50
weights[381],47
weights[382],44
weights[383],41
weights[384],182
weights[385],179
weights[386],176
weights[387],173
weights[388],170
weights[389],167
weights[38],68
weights[390],164
weights[391],161
weights[392],158
weights[393],155
weights[394],152
weights[395],149
weights[396],146
weights[397],143
weights[398],140
weights[399],137
weights[39],65
weights[3],173
weights[400],134
weights[401],131
weights[402],128
weights[403],125
weights[404],122
weights[405],119
weights[406],116
weights[407],113
weights[408],110
weights[409],107
weights[40],62
weights[410],104
weights[411],101
weights[412],98
weights[413],95
weights[414],92
weights[415],89
weights[416],86
weights[417],83
weights[418],80
weights[419],77
weights[41],59
weights[420],74
weights[421],71
weights[422],68
weights[423],65
weights[424],62
weights[425],59
weights[426],56
weights[427],53
weights[428],50
weights[429],47
weights[42],56
weights[430],44
weights[431],41
weights[43],53
weights[44],50
weights[45],47
weights[46],44
weights[47],41
weights[48],182
weights[49],179
weights[4],170
weights[50],176
weights[51],173
weights[52],170
weights[53],167
weights[54],164
weights[55],161
weights[56],158
weights[57],155
weights[58],152
weights[59],149
weights[5],167
weights[60],146
weights[61],143
weights[62],140
weights[63],137
weights[64],134
weights[65],131
weights[66],128
weights[67],125
weights[68],122
weights[69],119
weights[6],164
weights[70],116
weights[71],113
weights[72],110
weights[73],107
weights[74],104
weights[75],101
weights[76],98
weights[77],95
weights[78],92
weights[79],89
weights[7],161
weights[80],86
weights[81],83
weights[82],80
weights[83],77
weights[84],74
weights[85],71
weights[86],68
weights[87],65
weights[88],62
weights[89],59
weights[8],158
weights[90],56
weights[91],53
weights[92],50
weights[93],47
weights[94],44
weights[95],41
weights[96],182
weights[97],179
weights[98],176
weights[99],173
weights[9],155
