check,flash3_hex,flash9_hex,code3,want3,code9,want9,sampling,ids_hex,main_hex,sub_hex,dither_hex,total_hex,want_total_hex,gain_hex,want_gain_hex,rails_hex,want_rails_hex,invalid,want_invalid,pass
1,00,00000000000000000000000000000000000000000000000000000000000000000000000000000000000000000000000000000000000000000000000000000000,0,0,0,0,0,000,0,0,0,0000000000000000,0000000000000000,0000000000000000,0000000000000000,00000000000000000,00000000000000000,1,1,1
2,01,00000000000000000000000000000000000000000000000000000000000000000000000000000000000000000000000000000000000000000000000000000000,1,1,0,0,0,000,0,0,0,0000000000000000,0000000000000000,0000000000000000,0000000000000000,00000000000000000,00000000000000000,1,1,1
3,02,00000000000000000000000000000000000000000000000000000000000000000000000000000000000000000000000000000000000000000000000000000000,1,1,0,0,0,000,0,0,0,0000000000000000,0000000000000000,0000000000000000,0000000000000000,00000000000000000,00000000000000000,1,1,1
4,03,00000000000000000000000000000000000000000000000000000000000000000000000000000000000000000000000000000000000000000000000000000000,2,2,0,0,0,000,0,0,0,0000000000000000,0000000000000000,0000000000000000,0000000000000000,00000000000000000,00000000000000000,1,1,1
5,04,00000000000000000000000000000000000000000000000000000000000000000000000000000000000000000000000000000000000000000000000000000000,1,1,0,0,0,000,0,0,0,0000000000000000,0000000000000000,0000000000000000,0000000000000000,00000000000000000,00000000000000000,1,1,1
6,05,00000000000000000000000000000000000000000000000000000000000000000000000000000000000000000000000000000000000000000000000000000000,2,2,0,0,0,000,0,0,0,0000000000000000,0000000000000000,0000000000000000,0000000000000000,00000000000000000,00000000000000000,1,1,1
7,06,00000000000000000000000000000000000000000000000000000000000000000000000000000000000000000000000000000000000000000000000000000000,2,2,0,0,0,000,0,0,0,0000000000000000,0000000000000000,0000000000000000,0000000000000000,00000000000000000,00000000000000000,1,1,1
8,07,00000000000000000000000000000000000000000000000000000000000000000000000000000000000000000000000000000000000000000000000000000000,3,3,0,0,0,000,0,0,0,0000000000000000,0000000000000000,0000000000000000,0000000000000000,00000000000000000,00000000000000000,1,1,1
9,08,00000000000000000000000000000000000000000000000000000000000000000000000000000000000000000000000000000000000000000000000000000000,1,1,0,0,0,000,0,0,0,0000000000000000,0000000000000000,0000000000000000,0000000000000000,00000000000000000,00000000000000000,1,1,1
10,09,00000000000000000000000000000000000000000000000000000000000000000000000000000000000000000000000000000000000000000000000000000000,2,2,0,0,0,000,0,0,0,0000000000000000,0000000000000000,0000000000000000,0000000000000000,00000000000000000,00000000000000000,1,1,1
11,0a,00000000000000000000000000000000000000000000000000000000000000000000000000000000000000000000000000000000000000000000000000000000,2,2,0,0,0,000,0,0,0,0000000000000000,0000000000000000,0000000000000000,0000000000000000,00000000000000000,00000000000000000,1,1,1
12,0b,00000000000000000000000000000000000000000000000000000000000000000000000000000000000000000000000000000000000000000000000000000000,3,3,0,0,0,000,0,0,0,0000000000000000,0000000000000000,0000000000000000,0000000000000000,00000000000000000,00000000000000000,1,1,1
13,0c,00000000000000000000000000000000000000000000000000000000000000000000000000000000000000000000000000000000000000000000000000000000,2,2,0,0,0,000,0,0,0,0000000000000000,0000000000000000,0000000000000000,0000000000000000,00000000000000000,00000000000000000,1,1,1
14,0d,00000000000000000000000000000000000000000000000000000000000000000000000000000000000000000000000000000000000000000000000000000000,3,3,0,0,0,000,0,0,0,0000000000000000,0000000000000000,0000000000000000,0000000000000000,00000000000000000,00000000000000000,1,1,1
15,0e,00000000000000000000000000000000000000000000000000000000000000000000000000000000000000000000000000000000000000000000000000000000,3,3,0,0,0,000,0,0,0,0000000000000000,0000000000000000,0000000000000000,0000000000000000,00000000000000000,00000000000000000,1,1,1
16,0f,00000000000000000000000000000000000000000000000000000000000000000000000000000000000000000000000000000000000000000000000000000000,4,4,0,0,0,000,0,0,0,0000000000000000,0000000000000000,0000000000000000,0000000000000000,00000000000000000,00000000000000000,1,1,1
17,10,00000000000000000000000000000000000000000000000000000000000000000000000000000000000000000000000000000000000000000000000000000000,1,1,0,0,0,000,0,0,0,0000000000000000,0000000000000000,0000000000000000,0000000000000000,00000000000000000,00000000000000000,1,1,1
18,11,00000000000000000000000000000000000000000000000000000000000000000000000000000000000000000000000000000000000000000000000000000000,2,2,0,0,0,000,0,0,0,0000000000000000,0000000000000000,0000000000000000,0000000000000000,00000000000000000,00000000000000000,1,1,1
19,12,00000000000000000000000000000000000000000000000000000000000000000000000000000000000000000000000000000000000000000000000000000000,2,2,0,0,0,000,0,0,0,0000000000000000,0000000000000000,0000000000000000,0000000000000000,00000000000000000,00000000000000000,1,1,1
20,13,00000000000000000000000000000000000000000000000000000000000000000000000000000000000000000000000000000000000000000000000000000000,3,3,0,0,0,000,0,0,0,0000000000000000,0000000000000000,0000000000000000,0000000000000000,00000000000000000,00000000000000000,1,1,1
21,14,00000000000000000000000000000000000000000000000000000000000000000000000000000000000000000000000000000000000000000000000000000000,2,2,0,0,0,000,0,0,0,0000000000000000,0000000000000000,0000000000000000,0000000000000000,00000000000000000,00000000000000000,1,1,1
22,15,00000000000000000000000000000000000000000000000000000000000000000000000000000000000000000000000000000000000000000000000000000000,3,3,0,0,0,000,0,0,0,0000000000000000,0000000000000000,0000000000000000,0000000000000000,00000000000000000,00000000000000000,1,1,1
23,16,00000000000000000000000000000000000000000000000000000000000000000000000000000000000000000000000000000000000000000000000000000000,3,3,0,0,0,000,0,0,0,0000000000000000,0000000000000000,0000000000000000,0000000000000000,00000000000000000,00000000000000000,1,1,1
24,17,00000000000000000000000000000000000000000000000000000000000000000000000000000000000000000000000000000000000000000000000000000000,4,4,0,0,0,000,0,0,0,0000000000000000,0000000000000000,0000000000000000,0000000000000000,00000000000000000,00000000000000000,1,1,1
25,18,00000000000000000000000000000000000000000000000000000000000000000000000000000000000000000000000000000000000000000000000000000000,2,2,0,0,0,000,0,0,0,0000000000000000,0000000000000000,0000000000000000,0000000000000000,00000000000000000,00000000000000000,1,1,1
26,19,00000000000000000000000000000000000000000000000000000000000000000000000000000000000000000000000000000000000000000000000000000000,3,3,0,0,0,000,0,0,0,0000000000000000,0000000000000000,0000000000000000,0000000000000000,00000000000000000,00000000000000000,1,1,1
27,1a,00000000000000000000000000000000000000000000000000000000000000000000000000000000000000000000000000000000000000000000000000000000,3,3,0,0,0,000,0,0,0,0000000000000000,0000000000000000,0000000000000000,0000000000000000,00000000000000000,00000000000000000,1,1,1
28,1b,00000000000000000000000000000000000000000000000000000000000000000000000000000000000000000000000000000000000000000000000000000000,4,4,0,0,0,000,0,0,0,0000000000000000,0000000000000000,0000000000000000,0000000000000000,00000000000000000,00000000000000000,1,1,1
29,1c,00000000000000000000000000000000000000000000000000000000000000000000000000000000000000000000000000000000000000000000000000000000,3,3,0,0,0,000,0,0,0,0000000000000000,0000000000000000,0000000000000000,0000000000000000,00000000000000000,00000000000000000,1,1,1
30,1d,00000000000000000000000000000000000000000000000000000000000000000000000000000000000000000000000000000000000000000000000000000000,4,4,0,0,0,000,0,0,0,0000000000000000,0000000000000000,0000000000000000,0000000000000000,00000000000000000,00000000000000000,1,1,1
31,1e,00000000000000000000000000000000000000000000000000000000000000000000000000000000000000000000000000000000000000000000000000000000,4,4,0,0,0,000,0,0,0,0000000000000000,0000000000000000,0000000000000000,0000000000000000,00000000000000000,00000000000000000,1,1,1
32,1f,00000000000000000000000000000000000000000000000000000000000000000000000000000000000000000000000000000000000000000000000000000000,5,5,0,0,0,000,0,0,0,0000000000000000,0000000000000000,0000000000000000,0000000000000000,00000000000000000,00000000000000000,1,1,1
33,20,00000000000000000000000000000000000000000000000000000000000000000000000000000000000000000000000000000000000000000000000000000000,1,1,0,0,0,000,0,0,0,0000000000000000,0000000000000000,0000000000000000,0000000000000000,00000000000000000,00000000000000000,1,1,1
34,21,00000000000000000000000000000000000000000000000000000000000000000000000000000000000000000000000000000000000000000000000000000000,2,2,0,0,0,000,0,0,0,0000000000000000,0000000000000000,0000000000000000,0000000000000000,00000000000000000,00000000000000000,1,1,1
35,22,00000000000000000000000000000000000000000000000000000000000000000000000000000000000000000000000000000000000000000000000000000000,2,2,0,0,0,000,0,0,0,0000000000000000,0000000000000000,0000000000000000,0000000000000000,00000000000000000,00000000000000000,1,1,1
36,23,00000000000000000000000000000000000000000000000000000000000000000000000000000000000000000000000000000000000000000000000000000000,3,3,0,0,0,000,0,0,0,0000000000000000,0000000000000000,0000000000000000,0000000000000000,00000000000000000,00000000000000000,1,1,1
37,24,00000000000000000000000000000000000000000000000000000000000000000000000000000000000000000000000000000000000000000000000000000000,2,2,0,0,0,000,0,0,0,0000000000000000,0000000000000000,0000000000000000,0000000000000000,00000000000000000,00000000000000000,1,1,1
38,25,00000000000000000000000000000000000000000000000000000000000000000000000000000000000000000000000000000000000000000000000000000000,3,3,0,0,0,000,0,0,0,0000000000000000,0000000000000000,0000000000000000,0000000000000000,00000000000000000,00000000000000000,1,1,1
39,26,00000000000000000000000000000000000000000000000000000000000000000000000000000000000000000000000000000000000000000000000000000000,3,3,0,0,0,000,0,0,0,0000000000000000,0000000000000000,0000000000000000,0000000000000000,00000000000000000,00000000000000000,1,1,1
40,27,00000000000000000000000000000000000000000000000000000000000000000000000000000000000000000000000000000000000000000000000000000000,4,4,0,0,0,000,0,0,0,0000000000000000,0000000000000000,0000000000000000,0000000000000000,00000000000000000,00000000000000000,1,1,1
41,28,00000000000000000000000000000000000000000000000000000000000000000000000000000000000000000000000000000000000000000000000000000000,2,2,0,0,0,000,0,0,0,0000000000000000,0000000000000000,0000000000000000,0000000000000000,00000000000000000,00000000000000000,1,1,1
42,29,00000000000000000000000000000000000000000000000000000000000000000000000000000000000000000000000000000000000000000000000000000000,3,3,0,0,0,000,0,0,0,0000000000000000,0000000000000000,0000000000000000,0000000000000000,00000000000000000,00000000000000000,1,1,1
43,2a,00000000000000000000000000000000000000000000000000000000000000000000000000000000000000000000000000000000000000000000000000000000,3,3,0,0,0,000,0,0,0,0000000000000000,0000000000000000,0000000000000000,0000000000000000,00000000000000000,00000000000000000,1,1,1
44,2b,00000000000000000000000000000000000000000000000000000000000000000000000000000000000000000000000000000000000000000000000000000000,4,4,0,0,0,000,0,0,0,0000000000000000,0000000000000000,0000000000000000,0000000000000000,00000000000000000,00000000000000000,1,1,1
45,2c,00000000000000000000000000000000000000000000000000000000000000000000000000000000000000000000000000000000000000000000000000000000,3,3,0,0,0,000,0,0,0,0000000000000000,0000000000000000,0000000000000000,0000000000000000,00000000000000000,00000000000000000,1,1,1
46,2d,00000000000000000000000000000000000000000000000000000000000000000000000000000000000000000000000000000000000000000000000000000000,4,4,0,0,0,000,0,0,0,0000000000000000,0000000000000000,0000000000000000,0000000000000000,00000000000000000,00000000000000000,1,1,1
47,2e,00000000000000000000000000000000000000000000000000000000000000000000000000000000000000000000000000000000000000000000000000000000,4,4,0,0,0,000,0,0,0,0000000000000000,0000000000000000,0000000000000000,0000000000000000,00000000000000000,00000000000000000,1,1,1
48,2f,00000000000000000000000000000000000000000000000000000000000000000000000000000000000000000000000000000000000000000000000000000000,5,5,0,0,0,000,0,0,0,0000000000000000,0000000000000000,0000000000000000,0000000000000000,00000000000000000,00000000000000000,1,1,1
49,30,00000000000000000000000000000000000000000000000000000000000000000000000000000000000000000000000000000000000000000000000000000000,2,2,0,0,0,000,0,0,0,0000000000000000,0000000000000000,0000000000000000,0000000000000000,00000000000000000,00000000000000000,1,1,1
50,31,00000000000000000000000000000000000000000000000000000000000000000000000000000000000000000000000000000000000000000000000000000000,3,3,0,0,0,000,0,0,0,0000000000000000,0000000000000000,0000000000000000,0000000000000000,00000000000000000,00000000000000000,1,1,1
51,32,00000000000000000000000000000000000000000000000000000000000000000000000000000000000000000000000000000000000000000000000000000000,3,3,0,0,0,000,0,0,0,0000000000000000,0000000000000000,0000000000000000,0000000000000000,00000000000000000,00000000000000000,1,1,1
52,33,00000000000000000000000000000000000000000000000000000000000000000000000000000000000000000000000000000000000000000000000000000000,4,4,0,0,0,000,0,0,0,0000000000000000,0000000000000000,0000000000000000,0000000000000000,00000000000000000,00000000000000000,1,1,1
53,34,00000000000000000000000000000000000000000000000000000000000000000000000000000000000000000000000000000000000000000000000000000000,3,3,0,0,0,000,0,0,0,0000000000000000,0000000000000000,0000000000000000,0000000000000000,00000000000000000,00000000000000000,1,1,1
54,35,00000000000000000000000000000000000000000000000000000000000000000000000000000000000000000000000000000000000000000000000000000000,4,4,0,0,0,000,0,0,0,0000000000000000,0000000000000000,0000000000000000,0000000000000000,00000000000000000,00000000000000000,1,1,1
55,36,00000000000000000000000000000000000000000000000000000000000000000000000000000000000000000000000000000000000000000000000000000000,4,4,0,0,0,000,0,0,0,0000000000000000,0000000000000000,0000000000000000,0000000000000000,00000000000000000,00000000000000000,1,1,1
56,37,00000000000000000000000000000000000000000000000000000000000000000000000000000000000000000000000000000000000000000000000000000000,5,5,0,0,0,000,0,0,0,0000000000000000,0000000000000000,0000000000000000,0000000000000000,00000000000000000,00000000000000000,1,1,1
57,38,00000000000000000000000000000000000000000000000000000000000000000000000000000000000000000000000000000000000000000000000000000000,3,3,0,0,0,000,0,0,0,0000000000000000,0000000000000000,0000000000000000,0000000000000000,00000000000000000,00000000000000000,1,1,1
58,39,00000000000000000000000000000000000000000000000000000000000000000000000000000000000000000000000000000000000000000000000000000000,4,4,0,0,0,000,0,0,0,0000000000000000,0000000000000000,0000000000000000,0000000000000000,00000000000000000,00000000000000000,1,1,1
59,3a,00000000000000000000000000000000000000000000000000000000000000000000000000000000000000000000000000000000000000000000000000000000,4,4,0,0,0,000,0,0,0,0000000000000000,0000000000000000,0000000000000000,0000000000000000,00000000000000000,00000000000000000,1,1,1
60,3b,00000000000000000000000000000000000000000000000000000000000000000000000000000000000000000000000000000000000000000000000000000000,5,5,0,0,0,000,0,0,0,0000000000000000,0000000000000000,0000000000000000,0000000000000000,00000000000000000,00000000000000000,1,1,1
61,3c,00000000000000000000000000000000000000000000000000000000000000000000000000000000000000000000000000000000000000000000000000000000,4,4,0,0,0,000,0,0,0,0000000000000000,0000000000000000,0000000000000000,0000000000000000,00000000000000000,00000000000000000,1,1,1
62,3d,00000000000000000000000000000000000000000000000000000000000000000000000000000000000000000000000000000000000000000000000000000000,5,5,0,0,0,000,0,0,0,0000000000000000,0000000000000000,0000000000000000,0000000000000000,00000000000000000,00000000000000000,1,1,1
63,3e,00000000000000000000000000000000000000000000000000000000000000000000000000000000000000000000000000000000000000000000000000000000,5,5,0,0,0,000,0,0,0,0000000000000000,0000000000000000,0000000000000000,0000000000000000,00000000000000000,00000000000000000,1,1,1
64,3f,00000000000000000000000000000000000000000000000000000000000000000000000000000000000000000000000000000000000000000000000000000000,6,6,0,0,0,000,0,0,0,0000000000000000,0000000000000000,0000000000000000,0000000000000000,00000000000000000,00000000000000000,1,1,1
65,40,00000000000000000000000000000000000000000000000000000000000000000000000000000000000000000000000000000000000000000000000000000000,1,1,0,0,0,000,0,0,0,0000000000000000,0000000000000000,0000000000000000,0000000000000000,00000000000000000,00000000000000000,1,1,1
66,41,00000000000000000000000000000000000000000000000000000000000000000000000000000000000000000000000000000000000000000000000000000000,2,2,0,0,0,000,0,0,0,0000000000000000,0000000000000000,0000000000000000,0000000000000000,00000000000000000,00000000000000000,1,1,1
67,42,00000000000000000000000000000000000000000000000000000000000000000000000000000000000000000000000000000000000000000000000000000000,2,2,0,0,0,000,0,0,0,0000000000000000,0000000000000000,0000000000000000,0000000000000000,00000000000000000,00000000000000000,1,1,1
68,43,00000000000000000000000000000000000000000000000000000000000000000000000000000000000000000000000000000000000000000000000000000000,3,3,0,0,0,000,0,0,0,0000000000000000,0000000000000000,0000000000000000,0000000000000000,00000000000000000,00000000000000000,1,1,1
69,44,00000000000000000000000000000000000000000000000000000000000000000000000000000000000000000000000000000000000000000000000000000000,2,2,0,0,0,000,0,0,0,0000000000000000,0000000000000000,0000000000000000,0000000000000000,00000000000000000,00000000000000000,1,1,1
70,45,00000000000000000000000000000000000000000000000000000000000000000000000000000000000000000000000000000000000000000000000000000000,3,3,0,0,0,000,0,0,0,0000000000000000,0000000000000000,0000000000000000,0000000000000000,00000000000000000,00000000000000000,1,1,1
71,46,00000000000000000000000000000000000000000000000000000000000000000000000000000000000000000000000000000000000000000000000000000000,3,3,0,0,0,000,0,0,0,0000000000000000,0000000000000000,0000000000000000,0000000000000000,00000000000000000,00000000000000000,1,1,1
72,47,00000000000000000000000000000000000000000000000000000000000000000000000000000000000000000000000000000000000000000000000000000000,4,4,0,0,0,000,0,0,0,0000000000000000,0000000000000000,0000000000000000,0000000000000000,00000000000000000,00000000000000000,1,1,1
73,48,00000000000000000000000000000000000000000000000000000000000000000000000000000000000000000000000000000000000000000000000000000000,2,2,0,0,0,000,0,0,0,0000000000000000,0000000000000000,0000000000000000,0000000000000000,00000000000000000,00000000000000000,1,1,1
74,49,00000000000000000000000000000000000000000000000000000000000000000000000000000000000000000000000000000000000000000000000000000000,3,3,0,0,0,000,0,0,0,0000000000000000,0000000000000000,0000000000000000,0000000000000000,00000000000000000,00000000000000000,1,1,1
75,4a,00000000000000000000000000000000000000000000000000000000000000000000000000000000000000000000000000000000000000000000000000000000,3,3,0,0,0,000,0,0,0,0000000000000000,0000000000000000,0000000000000000,0000000000000000,00000000000000000,00000000000000000,1,1,1
76,4b,00000000000000000000000000000000000000000000000000000000000000000000000000000000000000000000000000000000000000000000000000000000,4,4,0,0,0,000,0,0,0,0000000000000000,0000000000000000,0000000000000000,0000000000000000,00000000000000000,00000000000000000,1,1,1
77,4c,00000000000000000000000000000000000000000000000000000000000000000000000000000000000000000000000000000000000000000000000000000000,3,3,0,0,0,000,0,0,0,0000000000000000,0000000000000000,0000000000000000,0000000000000000,00000000000000000,00000000000000000,1,1,1
78,4d,00000000000000000000000000000000000000000000000000000000000000000000000000000000000000000000000000000000000000000000000000000000,4,4,0,0,0,000,0,0,0,0000000000000000,0000000000000000,0000000000000000,0000000000000000,00000000000000000,00000000000000000,1,1,1
79,4e,00000000000000000000000000000000000000000000000000000000000000000000000000000000000000000000000000000000000000000000000000000000,4,4,0,0,0,000,0,0,0,0000000000000000,0000000000000000,0000000000000000,0000000000000000,00000000000000000,00000000000000000,1,1,1
80,4f,00000000000000000000000000000000000000000000000000000000000000000000000000000000000000000000000000000000000000000000000000000000,5,5,0,0,0,000,0,0,0,0000000000000000,0000000000000000,0000000000000000,0000000000000000,00000000000000000,00000000000000000,1,1,1
81,50,00000000000000000000000000000000000000000000000000000000000000000000000000000000000000000000000000000000000000000000000000000000,2,2,0,0,0,000,0,0,0,0000000000000000,0000000000000000,0000000000000000,0000000000000000,00000000000000000,00000000000000000,1,1,1
82,51,00000000000000000000000000000000000000000000000000000000000000000000000000000000000000000000000000000000000000000000000000000000,3,3,0,0,0,000,0,0,0,0000000000000000,0000000000000000,0000000000000000,0000000000000000,00000000000000000,00000000000000000,1,1,1
83,52,00000000000000000000000000000000000000000000000000000000000000000000000000000000000000000000000000000000000000000000000000000000,3,3,0,0,0,000,0,0,0,0000000000000000,0000000000000000,0000000000000000,0000000000000000,00000000000000000,00000000000000000,1,1,1
84,53,00000000000000000000000000000000000000000000000000000000000000000000000000000000000000000000000000000000000000000000000000000000,4,4,0,0,0,000,0,0,0,0000000000000000,0000000000000000,0000000000000000,0000000000000000,00000000000000000,00000000000000000,1,1,1
85,54,00000000000000000000000000000000000000000000000000000000000000000000000000000000000000000000000000000000000000000000000000000000,3,3,0,0,0,000,0,0,0,0000000000000000,0000000000000000,0000000000000000,0000000000000000,00000000000000000,00000000000000000,1,1,1
86,55,00000000000000000000000000000000000000000000000000000000000000000000000000000000000000000000000000000000000000000000000000000000,4,4,0,0,0,000,0,0,0,0000000000000000,0000000000000000,0000000000000000,0000000000000000,00000000000000000,00000000000000000,1,1,1
87,56,00000000000000000000000000000000000000000000000000000000000000000000000000000000000000000000000000000000000000000000000000000000,4,4,0,0,0,000,0,0,0,0000000000000000,0000000000000000,0000000000000000,0000000000000000,00000000000000000,00000000000000000,1,1,1
88,57,00000000000000000000000000000000000000000000000000000000000000000000000000000000000000000000000000000000000000000000000000000000,5,5,0,0,0,000,0,0,0,0000000000000000,0000000000000000,0000000000000000,0000000000000000,00000000000000000,00000000000000000,1,1,1
89,58,00000000000000000000000000000000000000000000000000000000000000000000000000000000000000000000000000000000000000000000000000000000,3,3,0,0,0,000,0,0,0,0000000000000000,0000000000000000,0000000000000000,0000000000000000,00000000000000000,00000000000000000,1,1,1
90,59,00000000000000000000000000000000000000000000000000000000000000000000000000000000000000000000000000000000000000000000000000000000,4,4,0,0,0,000,0,0,0,0000000000000000,0000000000000000,0000000000000000,0000000000000000,00000000000000000,00000000000000000,1,1,1
91,5a,00000000000000000000000000000000000000000000000000000000000000000000000000000000000000000000000000000000000000000000000000000000,4,4,0,0,0,000,0,0,0,0000000000000000,0000000000000000,0000000000000000,0000000000000000,00000000000000000,00000000000000000,1,1,1
92,5b,00000000000000000000000000000000000000000000000000000000000000000000000000000000000000000000000000000000000000000000000000000000,5,5,0,0,0,000,0,0,0,0000000000000000,0000000000000000,0000000000000000,0000000000000000,00000000000000000,00000000000000000,1,1,1
93,5c,00000000000000000000000000000000000000000000000000000000000000000000000000000000000000000000000000000000000000000000000000000000,4,4,0,0,0,000,0,0,0,0000000000000000,0000000000000000,0000000000000000,0000000000000000,00000000000000000,00000000000000000,1,1,1
94,5d,00000000000000000000000000000000000000000000000000000000000000000000000000000000000000000000000000000000000000000000000000000000,5,5,0,0,0,000,0,0,0,0000000000000000,0000000000000000,0000000000000000,0000000000000000,00000000000000000,00000000000000000,1,1,1
95,5e,00000000000000000000000000000000000000000000000000000000000000000000000000000000000000000000000000000000000000000000000000000000,5,5,0,0,0,000,0,0,0,0000000000000000,0000000000000000,0000000000000000,0000000000000000,00000000000000000,00000000000000000,1,1,1
96,5f,00000000000000000000000000000000000000000000000000000000000000000000000000000000000000000000000000000000000000000000000000000000,6,6,0,0,0,000,0,0,0,0000000000000000,0000000000000000,0000000000000000,0000000000000000,00000000000000000,00000000000000000,1,1,1
97,60,00000000000000000000000000000000000000000000000000000000000000000000000000000000000000000000000000000000000000000000000000000000,2,2,0,0,0,000,0,0,0,0000000000000000,0000000000000000,0000000000000000,0000000000000000,00000000000000000,00000000000000000,1,1,1
98,61,00000000000000000000000000000000000000000000000000000000000000000000000000000000000000000000000000000000000000000000000000000000,3,3,0,0,0,000,0,0,0,0000000000000000,0000000000000000,0000000000000000,0000000000000000,00000000000000000,00000000000000000,1,1,1
99,62,00000000000000000000000000000000000000000000000000000000000000000000000000000000000000000000000000000000000000000000000000000000,3,3,0,0,0,000,0,0,0,0000000000000000,0000000000000000,0000000000000000,0000000000000000,00000000000000000,00000000000000000,1,1,1
100,63,00000000000000000000000000000000000000000000000000000000000000000000000000000000000000000000000000000000000000000000000000000000,4,4,0,0,0,000,0,0,0,0000000000000000,0000000000000000,0000000000000000,0000000000000000,00000000000000000,00000000000000000,1,1,1
101,64,00000000000000000000000000000000000000000000000000000000000000000000000000000000000000000000000000000000000000000000000000000000,3,3,0,0,0,000,0,0,0,0000000000000000,0000000000000000,0000000000000000,0000000000000000,00000000000000000,00000000000000000,1,1,1
102,65,00000000000000000000000000000000000000000000000000000000000000000000000000000000000000000000000000000000000000000000000000000000,4,4,0,0,0,000,0,0,0,0000000000000000,0000000000000000,0000000000000000,0000000000000000,00000000000000000,00000000000000000,1,1,1
103,66,00000000000000000000000000000000000000000000000000000000000000000000000000000000000000000000000000000000000000000000000000000000,4,4,0,0,0,000,0,0,0,0000000000000000,0000000000000000,0000000000000000,0000000000000000,00000000000000000,00000000000000000,1,1,1
104,67,00000000000000000000000000000000000000000000000000000000000000000000000000000000000000000000000000000000000000000000000000000000,5,5,0,0,0,000,0,0,0,0000000000000000,0000000000000000,0000000000000000,0000000000000000,00000000000000000,00000000000000000,1,1,1
105,68,00000000000000000000000000000000000000000000000000000000000000000000000000000000000000000000000000000000000000000000000000000000,3,3,0,0,0,000,0,0,0,0000000000000000,0000000000000000,0000000000000000,0000000000000000,00000000000000000,00000000000000000,1,1,1
106,69,00000000000000000000000000000000000000000000000000000000000000000000000000000000000000000000000000000000000000000000000000000000,4,4,0,0,0,000,0,0,0,0000000000000000,0000000000000000,0000000000000000,0000000000000000,00000000000000000,00000000000000000,1,1,1
107,6a,00000000000000000000000000000000000000000000000000000000000000000000000000000000000000000000000000000000000000000000000000000000,4,4,0,0,0,000,0,0,0,0000000000000000,0000000000000000,0000000000000000,0000000000000000,00000000000000000,00000000000000000,1,1,1
108,6b,00000000000000000000000000000000000000000000000000000000000000000000000000000000000000000000000000000000000000000000000000000000,5,5,0,0,0,000,0,0,0,0000000000000000,0000000000000000,0000000000000000,0000000000000000,00000000000000000,00000000000000000,1,1,1
109,6c,00000000000000000000000000000000000000000000000000000000000000000000000000000000000000000000000000000000000000000000000000000000,4,4,0,0,0,000,0,0,0,0000000000000000,0000000000000000,0000000000000000,0000000000000000,00000000000000000,00000000000000000,1,1,1
110,6d,00000000000000000000000000000000000000000000000000000000000000000000000000000000000000000000000000000000000000000000000000000000,5,5,0,0,0,000,0,0,0,0000000000000000,0000000000000000,0000000000000000,0000000000000000,00000000000000000,00000000000000000,1,1,1
111,6e,00000000000000000000000000000000000000000000000000000000000000000000000000000000000000000000000000000000000000000000000000000000,5,5,0,0,0,000,0,0,0,0000000000000000,0000000000000000,0000000000000000,0000000000000000,00000000000000000,00000000000000000,1,1,1
112,6f,00000000000000000000000000000000000000000000000000000000000000000000000000000000000000000000000000000000000000000000000000000000,6,6,0,0,0,000,0,0,0,0000000000000000,0000000000000000,0000000000000000,0000000000000000,00000000000000000,00000000000000000,1,1,1
113,70,00000000000000000000000000000000000000000000000000000000000000000000000000000000000000000000000000000000000000000000000000000000,3,3,0,0,0,000,0,0,0,0000000000000000,0000000000000000,0000000000000000,0000000000000000,00000000000000000,00000000000000000,1,1,1
114,71,00000000000000000000000000000000000000000000000000000000000000000000000000000000000000000000000000000000000000000000000000000000,4,4,0,0,0,000,0,0,0,0000000000000000,0000000000000000,0000000000000000,0000000000000000,00000000000000000,00000000000000000,1,1,1
115,72,00000000000000000000000000000000000000000000000000000000000000000000000000000000000000000000000000000000000000000000000000000000,4,4,0,0,0,000,0,0,0,0000000000000000,0000000000000000,0000000000000000,0000000000000000,00000000000000000,00000000000000000,1,1,1
116,73,00000000000000000000000000000000000000000000000000000000000000000000000000000000000000000000000000000000000000000000000000000000,5,5,0,0,0,000,0,0,0,0000000000000000,0000000000000000,0000000000000000,0000000000000000,00000000000000000,00000000000000000,1,1,1
117,74,00000000000000000000000000000000000000000000000000000000000000000000000000000000000000000000000000000000000000000000000000000000,4,4,0,0,0,000,0,0,0,0000000000000000,0000000000000000,0000000000000000,0000000000000000,00000000000000000,00000000000000000,1,1,1
118,75,00000000000000000000000000000000000000000000000000000000000000000000000000000000000000000000000000000000000000000000000000000000,5,5,0,0,0,000,0,0,0,0000000000000000,0000000000000000,0000000000000000,0000000000000000,00000000000000000,00000000000000000,1,1,1
119,76,00000000000000000000000000000000000000000000000000000000000000000000000000000000000000000000000000000000000000000000000000000000,5,5,0,0,0,000,0,0,0,0000000000000000,0000000000000000,0000000000000000,0000000000000000,00000000000000000,00000000000000000,1,1,1
120,77,00000000000000000000000000000000000000000000000000000000000000000000000000000000000000000000000000000000000000000000000000000000,6,6,0,0,0,000,0,0,0,0000000000000000,0000000000000000,0000000000000000,0000000000000000,00000000000000000,00000000000000000,1,1,1
121,78,00000000000000000000000000000000000000000000000000000000000000000000000000000000000000000000000000000000000000000000000000000000,4,4,0,0,0,000,0,0,0,0000000000000000,0000000000000000,0000000000000000,0000000000000000,00000000000000000,00000000000000000,1,1,1
122,79,00000000000000000000000000000000000000000000000000000000000000000000000000000000000000000000000000000000000000000000000000000000,5,5,0,0,0,000,0,0,0,0000000000000000,0000000000000000,0000000000000000,0000000000000000,00000000000000000,00000000000000000,1,1,1
123,7a,00000000000000000000000000000000000000000000000000000000000000000000000000000000000000000000000000000000000000000000000000000000,5,5,0,0,0,000,0,0,0,0000000000000000,0000000000000000,0000000000000000,0000000000000000,00000000000000000,00000000000000000,1,1,1
124,7b,00000000000000000000000000000000000000000000000000000000000000000000000000000000000000000000000000000000000000000000000000000000,6,6,0,0,0,000,0,0,0,0000000000000000,0000000000000000,0000000000000000,0000000000000000,00000000000000000,00000000000000000,1,1,1
125,7c,00000000000000000000000000000000000000000000000000000000000000000000000000000000000000000000000000000000000000000000000000000000,5,5,0,0,0,000,0,0,0,0000000000000000,0000000000000000,0000000000000000,0000000000000000,00000000000000000,00000000000000000,1,1,1
126,7d,00000000000000000000000000000000000000000000000000000000000000000000000000000000000000000000000000000000000000000000000000000000,6,6,0,0,0,000,0,0,0,0000000000000000,0000000000000000,0000000000000000,0000000000000000,00000000000000000,00000000000000000,1,1,1
127,7e,00000000000000000000000000000000000000000000000000000000000000000000000000000000000000000000000000000000000000000000000000000000,6,6,0,0,0,000,0,0,0,0000000000000000,0000000000000000,0000000000000000,0000000000000000,00000000000000000,00000000000000000,1,1,1
128,7f,00000000000000000000000000000000000000000000000000000000000000000000000000000000000000000000000000000000000000000000000000000000,7,7,0,0,0,000,0,0,0,0000000000000000,0000000000000000,0000000000000000,0000000000000000,00000000000000000,00000000000000000,1,1,1
641,00,00000000000000000000000000000000000000000000000000000000000000000000000000000000000000000000000000000000000000000000000000000000,0,0,0,0,0,020,0,0,0,0000000000000390,0000000000000390,0000000000000390,0000000000000390,00000000000000390,00000000000000390,0,0,1
642,00,00000000000000000000000000000000000000000000000000000000000000000000000000000000000000000000000000000000000000000000000000000000,0,0,0,0,1,020,0,0,0,0000000000000390,0000000000000390,000000000000012e,000000000000012e,0000000000000012e,0000000000000012e,0,0,1
643,00,00000000000000000000000000000000000000000000000000000000000000000000000000000000000000000000000000000000000000000000000000000000,0,0,0,0,0,020,0,0,1,0000000000000390,0000000000000390,0000000000000390,0000000000000390,00000000000000390,00000000000000390,0,0,1
644,00,00000000000000000000000000000000000000000000000000000000000000000000000000000000000000000000000000000000000000000000000000000000,0,0,0,0,1,020,0,0,1,0000000000000390,0000000000000390,000000000000012e,000000000000012e,0000000000000038e,0000000000000038e,0,0,1
645,00,00000000000000000000000000000000000000000000000000000000000000000000000000000000000000000000000000000000000000000000000000000000,0,0,0,0,0,020,0,0,2,0000000000000390,0000000000000390,0000000000000390,0000000000000390,00000000000000390,00000000000000390,0,0,1
646,00,00000000000000000000000000000000000000000000000000000000000000000000000000000000000000000000000000000000000000000000000000000000,0,0,0,0,1,020,0,0,2,0000000000000390,0000000000000390,000000000000012e,000000000000012e,00000000000000392,00000000000000392,0,0,1
647,00,00000000000000000000000000000000000000000000000000000000000000000000000000000000000000000000000000000000000000000000000000000000,0,0,0,0,0,020,0,0,3,0000000000000390,0000000000000390,0000000000000390,0000000000000390,00000000000000390,00000000000000390,0,0,1
648,00,00000000000000000000000000000000000000000000000000000000000000000000000000000000000000000000000000000000000000000000000000000000,0,0,0,0,1,020,0,0,3,0000000000000390,0000000000000390,000000000000012e,000000000000012e,000000000000005f2,000000000000005f2,0,0,1
649,00,00000000000000000000000000000000000000000000000000000000000000000000000000000000000000000000000000000000000000000000000000000000,0,0,0,0,0,020,0,1,0,0000000000000390,0000000000000390,0000000000000390,0000000000000390,000000000000002c2,000000000000002c2,0,0,1
650,00,00000000000000000000000000000000000000000000000000000000000000000000000000000000000000000000000000000000000000000000000000000000,0,0,0,0,1,020,0,1,0,0000000000000390,0000000000000390,000000000000012e,000000000000012e,00000000000000060,00000000000000060,0,0,1
651,00,00000000000000000000000000000000000000000000000000000000000000000000000000000000000000000000000000000000000000000000000000000000,0,0,0,0,0,020,0,1,1,0000000000000390,0000000000000390,0000000000000390,0000000000000390,000000000000002c2,000000000000002c2,0,0,1
652,00,00000000000000000000000000000000000000000000000000000000000000000000000000000000000000000000000000000000000000000000000000000000,0,0,0,0,1,020,0,1,1,0000000000000390,0000000000000390,000000000000012e,000000000000012e,000000000000002c0,000000000000002c0,0,0,1
653,00,00000000000000000000000000000000000000000000000000000000000000000000000000000000000000000000000000000000000000000000000000000000,0,0,0,0,0,020,0,1,2,0000000000000390,0000000000000390,0000000000000390,0000000000000390,000000000000002c2,000000000000002c2,0,0,1
654,00,00000000000000000000000000000000000000000000000000000000000000000000000000000000000000000000000000000000000000000000000000000000,0,0,0,0,1,020,0,1,2,0000000000000390,0000000000000390,000000000000012e,000000000000012e,000000000000002c4,000000000000002c4,0,0,1
655,00,00000000000000000000000000000000000000000000000000000000000000000000000000000000000000000000000000000000000000000000000000000000,0,0,0,0,0,020,0,1,3,0000000000000390,0000000000000390,0000000000000390,0000000000000390,000000000000002c2,000000000000002c2,0,0,1
656,00,00000000000000000000000000000000000000000000000000000000000000000000000000000000000000000000000000000000000000000000000000000000,0,0,0,0,1,020,0,1,3,0000000000000390,0000000000000390,000000000000012e,000000000000012e,00000000000000524,00000000000000524,0,0,1
657,00,00000000000000000000000000000000000000000000000000000000000000000000000000000000000000000000000000000000000000000000000000000000,0,0,0,0,0,020,0,2,0,0000000000000390,0000000000000390,0000000000000390,0000000000000390,000000000000001fa,000000000000001fa,0,0,1
658,00,00000000000000000000000000000000000000000000000000000000000000000000000000000000000000000000000000000000000000000000000000000000,0,0,0,0,1,020,0,2,0,0000000000000390,0000000000000390,000000000000012e,000000000000012e,3ffffffffffffff98,3ffffffffffffff98,0,0,1
659,00,00000000000000000000000000000000000000000000000000000000000000000000000000000000000000000000000000000000000000000000000000000000,0,0,0,0,0,020,0,2,1,0000000000000390,0000000000000390,0000000000000390,0000000000000390,000000000000001fa,000000000000001fa,0,0,1
660,00,00000000000000000000000000000000000000000000000000000000000000000000000000000000000000000000000000000000000000000000000000000000,0,0,0,0,1,020,0,2,1,0000000000000390,0000000000000390,000000000000012e,000000000000012e,000000000000001f8,000000000000001f8,0,0,1
661,00,00000000000000000000000000000000000000000000000000000000000000000000000000000000000000000000000000000000000000000000000000000000,0,0,0,0,0,020,0,2,2,0000000000000390,0000000000000390,0000000000000390,0000000000000390,000000000000001fa,000000000000001fa,0,0,1
662,00,00000000000000000000000000000000000000000000000000000000000000000000000000000000000000000000000000000000000000000000000000000000,0,0,0,0,1,020,0,2,2,0000000000000390,0000000000000390,000000000000012e,000000000000012e,000000000000001fc,000000000000001fc,0,0,1
663,00,00000000000000000000000000000000000000000000000000000000000000000000000000000000000000000000000000000000000000000000000000000000,0,0,0,0,0,020,0,2,3,0000000000000390,0000000000000390,0000000000000390,0000000000000390,000000000000001fa,000000000000001fa,0,0,1
664,00,00000000000000000000000000000000000000000000000000000000000000000000000000000000000000000000000000000000000000000000000000000000,0,0,0,0,1,020,0,2,3,0000000000000390,0000000000000390,000000000000012e,000000000000012e,0000000000000045c,0000000000000045c,0,0,1
665,00,00000000000000000000000000000000000000000000000000000000000000000000000000000000000000000000000000000000000000000000000000000000,0,0,0,0,0,020,0,3,0,0000000000000390,0000000000000390,0000000000000390,0000000000000390,0000000000000012c,0000000000000012c,0,0,1
666,00,00000000000000000000000000000000000000000000000000000000000000000000000000000000000000000000000000000000000000000000000000000000,0,0,0,0,1,020,0,3,0,0000000000000390,0000000000000390,000000000000012e,000000000000012e,3fffffffffffffeca,3fffffffffffffeca,0,0,1
667,00,00000000000000000000000000000000000000000000000000000000000000000000000000000000000000000000000000000000000000000000000000000000,0,0,0,0,0,020,0,3,1,0000000000000390,0000000000000390,0000000000000390,0000000000000390,0000000000000012c,0000000000000012c,0,0,1
668,00,00000000000000000000000000000000000000000000000000000000000000000000000000000000000000000000000000000000000000000000000000000000,0,0,0,0,1,020,0,3,1,0000000000000390,0000000000000390,000000000000012e,000000000000012e,0000000000000012a,0000000000000012a,0,0,1
669,00,00000000000000000000000000000000000000000000000000000000000000000000000000000000000000000000000000000000000000000000000000000000,0,0,0,0,0,020,0,3,2,0000000000000390,0000000000000390,0000000000000390,0000000000000390,0000000000000012c,0000000000000012c,0,0,1
670,00,00000000000000000000000000000000000000000000000000000000000000000000000000000000000000000000000000000000000000000000000000000000,0,0,0,0,1,020,0,3,2,0000000000000390,0000000000000390,000000000000012e,000000000000012e,0000000000000012e,0000000000000012e,0,0,1
671,00,00000000000000000000000000000000000000000000000000000000000000000000000000000000000000000000000000000000000000000000000000000000,0,0,0,0,0,020,0,3,3,0000000000000390,0000000000000390,0000000000000390,0000000000000390,0000000000000012c,0000000000000012c,0,0,1
672,00,00000000000000000000000000000000000000000000000000000000000000000000000000000000000000000000000000000000000000000000000000000000,0,0,0,0,1,020,0,3,3,0000000000000390,0000000000000390,000000000000012e,000000000000012e,0000000000000038e,0000000000000038e,0,0,1
673,00,00000000000000000000000000000000000000000000000000000000000000000000000000000000000000000000000000000000000000000000000000000000,0,0,0,0,0,020,1,0,0,0000000000000390,0000000000000390,0000000000000390,0000000000000390,000000000000002c6,000000000000002c6,0,0,1
674,00,00000000000000000000000000000000000000000000000000000000000000000000000000000000000000000000000000000000000000000000000000000000,0,0,0,0,1,020,1,0,0,0000000000000390,0000000000000390,000000000000012e,000000000000012e,00000000000000064,00000000000000064,0,0,1
675,00,00000000000000000000000000000000000000000000000000000000000000000000000000000000000000000000000000000000000000000000000000000000,0,0,0,0,0,020,1,0,1,0000000000000390,0000000000000390,0000000000000390,0000000000000390,000000000000002c6,000000000000002c6,0,0,1
676,00,00000000000000000000000000000000000000000000000000000000000000000000000000000000000000000000000000000000000000000000000000000000,0,0,0,0,1,020,1,0,1,0000000000000390,0000000000000390,000000000000012e,000000000000012e,000000000000002c4,000000000000002c4,0,0,1
677,00,00000000000000000000000000000000000000000000000000000000000000000000000000000000000000000000000000000000000000000000000000000000,0,0,0,0,0,020,1,0,2,0000000000000390,0000000000000390,0000000000000390,0000000000000390,000000000000002c6,000000000000002c6,0,0,1
678,00,00000000000000000000000000000000000000000000000000000000000000000000000000000000000000000000000000000000000000000000000000000000,0,0,0,0,1,020,1,0,2,0000000000000390,0000000000000390,000000000000012e,000000000000012e,000000000000002c8,000000000000002c8,0,0,1
679,00,00000000000000000000000000000000000000000000000000000000000000000000000000000000000000000000000000000000000000000000000000000000,0,0,0,0,0,020,1,0,3,0000000000000390,0000000000000390,0000000000000390,0000000000000390,000000000000002c6,000000000000002c6,0,0,1
680,00,00000000000000000000000000000000000000000000000000000000000000000000000000000000000000000000000000000000000000000000000000000000,0,0,0,0,1,020,1,0,3,0000000000000390,0000000000000390,000000000000012e,000000000000012e,00000000000000528,00000000000000528,0,0,1
681,00,00000000000000000000000000000000000000000000000000000000000000000000000000000000000000000000000000000000000000000000000000000000,0,0,0,0,0,020,1,1,0,0000000000000390,0000000000000390,0000000000000390,0000000000000390,000000000000001f8,000000000000001f8,0,0,1
682,00,00000000000000000000000000000000000000000000000000000000000000000000000000000000000000000000000000000000000000000000000000000000,0,0,0,0,1,020,1,1,0,0000000000000390,0000000000000390,000000000000012e,000000000000012e,3ffffffffffffff96,3ffffffffffffff96,0,0,1
683,00,00000000000000000000000000000000000000000000000000000000000000000000000000000000000000000000000000000000000000000000000000000000,0,0,0,0,0,020,1,1,1,0000000000000390,0000000000000390,0000000000000390,0000000000000390,000000000000001f8,000000000000001f8,0,0,1
684,00,00000000000000000000000000000000000000000000000000000000000000000000000000000000000000000000000000000000000000000000000000000000,0,0,0,0,1,020,1,1,1,0000000000000390,0000000000000390,000000000000012e,000000000000012e,000000000000001f6,000000000000001f6,0,0,1
685,00,00000000000000000000000000000000000000000000000000000000000000000000000000000000000000000000000000000000000000000000000000000000,0,0,0,0,0,020,1,1,2,0000000000000390,0000000000000390,0000000000000390,0000000000000390,000000000000001f8,000000000000001f8,0,0,1
686,00,00000000000000000000000000000000000000000000000000000000000000000000000000000000000000000000000000000000000000000000000000000000,0,0,0,0,1,020,1,1,2,0000000000000390,0000000000000390,000000000000012e,000000000000012e,000000000000001fa,000000000000001fa,0,0,1
687,00,00000000000000000000000000000000000000000000000000000000000000000000000000000000000000000000000000000000000000000000000000000000,0,0,0,0,0,020,1,1,3,0000000000000390,0000000000000390,0000000000000390,0000000000000390,000000000000001f8,000000000000001f8,0,0,1
688,00,00000000000000000000000000000000000000000000000000000000000000000000000000000000000000000000000000000000000000000000000000000000,0,0,0,0,1,020,1,1,3,0000000000000390,0000000000000390,000000000000012e,000000000000012e,0000000000000045a,0000000000000045a,0,0,1
689,00,00000000000000000000000000000000000000000000000000000000000000000000000000000000000000000000000000000000000000000000000000000000,0,0,0,0,0,020,1,2,0,0000000000000390,0000000000000390,0000000000000390,0000000000000390,00000000000000130,00000000000000130,0,0,1
690,00,00000000000000000000000000000000000000000000000000000000000000000000000000000000000000000000000000000000000000000000000000000000,0,0,0,0,1,020,1,2,0,0000000000000390,0000000000000390,000000000000012e,000000000000012e,3fffffffffffffece,3fffffffffffffece,0,0,1
691,00,00000000000000000000000000000000000000000000000000000000000000000000000000000000000000000000000000000000000000000000000000000000,0,0,0,0,0,020,1,2,1,0000000000000390,0000000000000390,0000000000000390,0000000000000390,00000000000000130,00000000000000130,0,0,1
692,00,00000000000000000000000000000000000000000000000000000000000000000000000000000000000000000000000000000000000000000000000000000000,0,0,0,0,1,020,1,2,1,0000000000000390,0000000000000390,000000000000012e,000000000000012e,0000000000000012e,0000000000000012e,0,0,1
693,00,00000000000000000000000000000000000000000000000000000000000000000000000000000000000000000000000000000000000000000000000000000000,0,0,0,0,0,020,1,2,2,0000000000000390,0000000000000390,0000000000000390,0000000000000390,00000000000000130,00000000000000130,0,0,1
694,00,00000000000000000000000000000000000000000000000000000000000000000000000000000000000000000000000000000000000000000000000000000000,0,0,0,0,1,020,1,2,2,0000000000000390,0000000000000390,000000000000012e,000000000000012e,00000000000000132,00000000000000132,0,0,1
695,00,00000000000000000000000000000000000000000000000000000000000000000000000000000000000000000000000000000000000000000000000000000000,0,0,0,0,0,020,1,2,3,0000000000000390,0000000000000390,0000000000000390,0000000000000390,00000000000000130,00000000000000130,0,0,1
696,00,00000000000000000000000000000000000000000000000000000000000000000000000000000000000000000000000000000000000000000000000000000000,0,0,0,0,1,020,1,2,3,0000000000000390,0000000000000390,000000000000012e,000000000000012e,00000000000000392,00000000000000392,0,0,1
697,00,00000000000000000000000000000000000000000000000000000000000000000000000000000000000000000000000000000000000000000000000000000000,0,0,0,0,0,020,1,3,0,0000000000000390,0000000000000390,0000000000000390,0000000000000390,00000000000000062,00000000000000062,0,0,1
698,00,00000000000000000000000000000000000000000000000000000000000000000000000000000000000000000000000000000000000000000000000000000000,0,0,0,0,1,020,1,3,0,0000000000000390,0000000000000390,000000000000012e,000000000000012e,3fffffffffffffe00,3fffffffffffffe00,0,0,1
699,00,00000000000000000000000000000000000000000000000000000000000000000000000000000000000000000000000000000000000000000000000000000000,0,0,0,0,0,020,1,3,1,0000000000000390,0000000000000390,0000000000000390,0000000000000390,00000000000000062,00000000000000062,0,0,1
700,00,00000000000000000000000000000000000000000000000000000000000000000000000000000000000000000000000000000000000000000000000000000000,0,0,0,0,1,020,1,3,1,0000000000000390,0000000000000390,000000000000012e,000000000000012e,00000000000000060,00000000000000060,0,0,1
701,00,00000000000000000000000000000000000000000000000000000000000000000000000000000000000000000000000000000000000000000000000000000000,0,0,0,0,0,020,1,3,2,0000000000000390,0000000000000390,0000000000000390,0000000000000390,00000000000000062,00000000000000062,0,0,1
702,00,00000000000000000000000000000000000000000000000000000000000000000000000000000000000000000000000000000000000000000000000000000000,0,0,0,0,1,020,1,3,2,0000000000000390,0000000000000390,000000000000012e,000000000000012e,00000000000000064,00000000000000064,0,0,1
703,00,00000000000000000000000000000000000000000000000000000000000000000000000000000000000000000000000000000000000000000000000000000000,0,0,0,0,0,020,1,3,3,0000000000000390,0000000000000390,0000000000000390,0000000000000390,00000000000000062,00000000000000062,0,0,1
704,00,00000000000000000000000000000000000000000000000000000000000000000000000000000000000000000000000000000000000000000000000000000000,0,0,0,0,1,020,1,3,3,0000000000000390,0000000000000390,000000000000012e,000000000000012e,000000000000002c4,000000000000002c4,0,0,1
705,00,00000000000000000000000000000000000000000000000000000000000000000000000000000000000000000000000000000000000000000000000000000000,0,0,0,0,0,020,2,0,0,0000000000000390,0000000000000390,0000000000000390,0000000000000390,000000000000002c4,000000000000002c4,0,0,1
706,00,00000000000000000000000000000000000000000000000000000000000000000000000000000000000000000000000000000000000000000000000000000000,0,0,0,0,1,020,2,0,0,0000000000000390,0000000000000390,000000000000012e,000000000000012e,00000000000000062,00000000000000062,0,0,1
707,00,00000000000000000000000000000000000000000000000000000000000000000000000000000000000000000000000000000000000000000000000000000000,0,0,0,0,0,020,2,0,1,0000000000000390,0000000000000390,0000000000000390,0000000000000390,000000000000002c4,000000000000002c4,0,0,1
708,00,00000000000000000000000000000000000000000000000000000000000000000000000000000000000000000000000000000000000000000000000000000000,0,0,0,0,1,020,2,0,1,0000000000000390,0000000000000390,000000000000012e,000000000000012e,000000000000002c2,000000000000002c2,0,0,1
709,00,00000000000000000000000000000000000000000000000000000000000000000000000000000000000000000000000000000000000000000000000000000000,0,0,0,0,0,020,2,0,2,0000000000000390,0000000000000390,0000000000000390,0000000000000390,000000000000002c4,000000000000002c4,0,0,1
710,00,00000000000000000000000000000000000000000000000000000000000000000000000000000000000000000000000000000000000000000000000000000000,0,0,0,0,1,020,2,0,2,0000000000000390,0000000000000390,000000000000012e,000000000000012e,000000000000002c6,000000000000002c6,0,0,1
711,00,00000000000000000000000000000000000000000000000000000000000000000000000000000000000000000000000000000000000000000000000000000000,0,0,0,0,0,020,2,0,3,0000000000000390,0000000000000390,0000000000000390,0000000000000390,000000000000002c4,000000000000002c4,0,0,1
712,00,00000000000000000000000000000000000000000000000000000000000000000000000000000000000000000000000000000000000000000000000000000000,0,0,0,0,1,020,2,0,3,0000000000000390,0000000000000390,000000000000012e,000000000000012e,00000000000000526,00000000000000526,0,0,1
713,00,00000000000000000000000000000000000000000000000000000000000000000000000000000000000000000000000000000000000000000000000000000000,0,0,0,0,0,020,2,1,0,0000000000000390,0000000000000390,0000000000000390,0000000000000390,000000000000001f6,000000000000001f6,0,0,1
714,00,00000000000000000000000000000000000000000000000000000000000000000000000000000000000000000000000000000000000000000000000000000000,0,0,0,0,1,020,2,1,0,0000000000000390,0000000000000390,000000000000012e,000000000000012e,3ffffffffffffff94,3ffffffffffffff94,0,0,1
715,00,00000000000000000000000000000000000000000000000000000000000000000000000000000000000000000000000000000000000000000000000000000000,0,0,0,0,0,020,2,1,1,0000000000000390,0000000000000390,0000000000000390,0000000000000390,000000000000001f6,000000000000001f6,0,0,1
716,00,00000000000000000000000000000000000000000000000000000000000000000000000000000000000000000000000000000000000000000000000000000000,0,0,0,0,1,020,2,1,1,0000000000000390,0000000000000390,000000000000012e,000000000000012e,000000000000001f4,000000000000001f4,0,0,1
717,00,00000000000000000000000000000000000000000000000000000000000000000000000000000000000000000000000000000000000000000000000000000000,0,0,0,0,0,020,2,1,2,0000000000000390,0000000000000390,0000000000000390,0000000000000390,000000000000001f6,000000000000001f6,0,0,1
718,00,00000000000000000000000000000000000000000000000000000000000000000000000000000000000000000000000000000000000000000000000000000000,0,0,0,0,1,020,2,1,2,0000000000000390,0000000000000390,000000000000012e,000000000000012e,000000000000001f8,000000000000001f8,0,0,1
719,00,00000000000000000000000000000000000000000000000000000000000000000000000000000000000000000000000000000000000000000000000000000000,0,0,0,0,0,020,2,1,3,0000000000000390,0000000000000390,0000000000000390,0000000000000390,000000000000001f6,000000000000001f6,0,0,1
720,00,00000000000000000000000000000000000000000000000000000000000000000000000000000000000000000000000000000000000000000000000000000000,0,0,0,0,1,020,2,1,3,0000000000000390,0000000000000390,000000000000012e,000000000000012e,00000000000000458,00000000000000458,0,0,1
721,00,00000000000000000000000000000000000000000000000000000000000000000000000000000000000000000000000000000000000000000000000000000000,0,0,0,0,0,020,2,2,0,0000000000000390,0000000000000390,0000000000000390,0000000000000390,0000000000000012e,0000000000000012e,0,0,1
722,00,00000000000000000000000000000000000000000000000000000000000000000000000000000000000000000000000000000000000000000000000000000000,0,0,0,0,1,020,2,2,0,0000000000000390,0000000000000390,000000000000012e,000000000000012e,3fffffffffffffecc,3fffffffffffffecc,0,0,1
723,00,00000000000000000000000000000000000000000000000000000000000000000000000000000000000000000000000000000000000000000000000000000000,0,0,0,0,0,020,2,2,1,0000000000000390,0000000000000390,0000000000000390,0000000000000390,0000000000000012e,0000000000000012e,0,0,1
724,00,00000000000000000000000000000000000000000000000000000000000000000000000000000000000000000000000000000000000000000000000000000000,0,0,0,0,1,020,2,2,1,0000000000000390,0000000000000390,000000000000012e,000000000000012e,0000000000000012c,0000000000000012c,0,0,1
725,00,00000000000000000000000000000000000000000000000000000000000000000000000000000000000000000000000000000000000000000000000000000000,0,0,0,0,0,020,2,2,2,0000000000000390,0000000000000390,0000000000000390,0000000000000390,0000000000000012e,0000000000000012e,0,0,1
726,00,00000000000000000000000000000000000000000000000000000000000000000000000000000000000000000000000000000000000000000000000000000000,0,0,0,0,1,020,2,2,2,0000000000000390,0000000000000390,000000000000012e,000000000000012e,00000000000000130,00000000000000130,0,0,1
727,00,00000000000000000000000000000000000000000000000000000000000000000000000000000000000000000000000000000000000000000000000000000000,0,0,0,0,0,020,2,2,3,0000000000000390,0000000000000390,0000000000000390,0000000000000390,0000000000000012e,0000000000000012e,0,0,1
728,00,00000000000000000000000000000000000000000000000000000000000000000000000000000000000000000000000000000000000000000000000000000000,0,0,0,0,1,020,2,2,3,0000000000000390,0000000000000390,000000000000012e,000000000000012e,00000000000000390,00000000000000390,0,0,1
729,00,00000000000000000000000000000000000000000000000000000000000000000000000000000000000000000000000000000000000000000000000000000000,0,0,0,0,0,020,2,3,0,0000000000000390,0000000000000390,0000000000000390,0000000000000390,00000000000000060,00000000000000060,0,0,1
730,00,00000000000000000000000000000000000000000000000000000000000000000000000000000000000000000000000000000000000000000000000000000000,0,0,0,0,1,020,2,3,0,0000000000000390,0000000000000390,000000000000012e,000000000000012e,3fffffffffffffdfe,3fffffffffffffdfe,0,0,1
731,00,00000000000000000000000000000000000000000000000000000000000000000000000000000000000000000000000000000000000000000000000000000000,0,0,0,0,0,020,2,3,1,0000000000000390,0000000000000390,0000000000000390,0000000000000390,00000000000000060,00000000000000060,0,0,1
732,00,00000000000000000000000000000000000000000000000000000000000000000000000000000000000000000000000000000000000000000000000000000000,0,0,0,0,1,020,2,3,1,0000000000000390,0000000000000390,000000000000012e,000000000000012e,0000000000000005e,0000000000000005e,0,0,1
733,00,00000000000000000000000000000000000000000000000000000000000000000000000000000000000000000000000000000000000000000000000000000000,0,0,0,0,0,020,2,3,2,0000000000000390,0000000000000390,0000000000000390,0000000000000390,00000000000000060,00000000000000060,0,0,1
734,00,00000000000000000000000000000000000000000000000000000000000000000000000000000000000000000000000000000000000000000000000000000000,0,0,0,0,1,020,2,3,2,0000000000000390,0000000000000390,000000000000012e,000000000000012e,00000000000000062,00000000000000062,0,0,1
735,00,00000000000000000000000000000000000000000000000000000000000000000000000000000000000000000000000000000000000000000000000000000000,0,0,0,0,0,020,2,3,3,0000000000000390,0000000000000390,0000000000000390,0000000000000390,00000000000000060,00000000000000060,0,0,1
736,00,00000000000000000000000000000000000000000000000000000000000000000000000000000000000000000000000000000000000000000000000000000000,0,0,0,0,1,020,2,3,3,0000000000000390,0000000000000390,000000000000012e,000000000000012e,000000000000002c2,000000000000002c2,0,0,1
737,00,00000000000000000000000000000000000000000000000000000000000000000000000000000000000000000000000000000000000000000000000000000000,0,0,0,0,0,020,3,0,0,0000000000000390,0000000000000390,0000000000000390,0000000000000390,000000000000001fa,000000000000001fa,0,0,1
738,00,00000000000000000000000000000000000000000000000000000000000000000000000000000000000000000000000000000000000000000000000000000000,0,0,0,0,1,020,3,0,0,0000000000000390,0000000000000390,000000000000012e,000000000000012e,3ffffffffffffff98,3ffffffffffffff98,0,0,1
739,00,00000000000000000000000000000000000000000000000000000000000000000000000000000000000000000000000000000000000000000000000000000000,0,0,0,0,0,020,3,0,1,0000000000000390,0000000000000390,0000000000000390,0000000000000390,000000000000001fa,000000000000001fa,0,0,1
740,00,00000000000000000000000000000000000000000000000000000000000000000000000000000000000000000000000000000000000000000000000000000000,0,0,0,0,1,020,3,0,1,0000000000000390,0000000000000390,000000000000012e,000000000000012e,000000000000001f8,000000000000001f8,0,0,1
741,00,00000000000000000000000000000000000000000000000000000000000000000000000000000000000000000000000000000000000000000000000000000000,0,0,0,0,0,020,3,0,2,0000000000000390,0000000000000390,0000000000000390,0000000000000390,000000000000001fa,000000000000001fa,0,0,1
742,00,00000000000000000000000000000000000000000000000000000000000000000000000000000000000000000000000000000000000000000000000000000000,0,0,0,0,1,020,3,0,2,0000000000000390,0000000000000390,000000000000012e,000000000000012e,000000000000001fc,000000000000001fc,0,0,1
743,00,00000000000000000000000000000000000000000000000000000000000000000000000000000000000000000000000000000000000000000000000000000000,0,0,0,0,0,020,3,0,3,0000000000000390,0000000000000390,0000000000000390,0000000000000390,000000000000001fa,000000000000001fa,0,0,1
744,00,00000000000000000000000000000000000000000000000000000000000000000000000000000000000000000000000000000000000000000000000000000000,0,0,0,0,1,020,3,0,3,0000000000000390,0000000000000390,000000000000012e,000000000000012e,0000000000000045c,0000000000000045c,0,0,1
745,00,00000000000000000000000000000000000000000000000000000000000000000000000000000000000000000000000000000000000000000000000000000000,0,0,0,0,0,020,3,1,0,0000000000000390,0000000000000390,0000000000000390,0000000000000390,0000000000000012c,0000000000000012c,0,0,1
746,00,00000000000000000000000000000000000000000000000000000000000000000000000000000000000000000000000000000000000000000000000000000000,0,0,0,0,1,020,3,1,0,0000000000000390,0000000000000390,000000000000012e,000000000000012e,3fffffffffffffeca,3fffffffffffffeca,0,0,1
747,00,00000000000000000000000000000000000000000000000000000000000000000000000000000000000000000000000000000000000000000000000000000000,0,0,0,0,0,020,3,1,1,0000000000000390,0000000000000390,0000000000000390,0000000000000390,0000000000000012c,0000000000000012c,0,0,1
748,00,00000000000000000000000000000000000000000000000000000000000000000000000000000000000000000000000000000000000000000000000000000000,0,0,0,0,1,020,3,1,1,0000000000000390,0000000000000390,000000000000012e,000000000000012e,0000000000000012a,0000000000000012a,0,0,1
749,00,00000000000000000000000000000000000000000000000000000000000000000000000000000000000000000000000000000000000000000000000000000000,0,0,0,0,0,020,3,1,2,0000000000000390,0000000000000390,0000000000000390,0000000000000390,0000000000000012c,0000000000000012c,0,0,1
750,00,00000000000000000000000000000000000000000000000000000000000000000000000000000000000000000000000000000000000000000000000000000000,0,0,0,0,1,020,3,1,2,0000000000000390,0000000000000390,000000000000012e,000000000000012e,0000000000000012e,0000000000000012e,0,0,1
751,00,00000000000000000000000000000000000000000000000000000000000000000000000000000000000000000000000000000000000000000000000000000000,0,0,0,0,0,020,3,1,3,0000000000000390,0000000000000390,0000000000000390,0000000000000390,0000000000000012c,0000000000000012c,0,0,1
752,00,00000000000000000000000000000000000000000000000000000000000000000000000000000000000000000000000000000000000000000000000000000000,0,0,0,0,1,020,3,1,3,0000000000000390,0000000000000390,000000000000012e,000000000000012e,0000000000000038e,0000000000000038e,0,0,1
753,00,00000000000000000000000000000000000000000000000000000000000000000000000000000000000000000000000000000000000000000000000000000000,0,0,0,0,0,020,3,2,0,0000000000000390,0000000000000390,0000000000000390,0000000000000390,00000000000000064,00000000000000064,0,0,1
754,00,00000000000000000000000000000000000000000000000000000000000000000000000000000000000000000000000000000000000000000000000000000000,0,0,0,0,1,020,3,2,0,0000000000000390,0000000000000390,000000000000012e,000000000000012e,3fffffffffffffe02,3fffffffffffffe02,0,0,1
755,00,00000000000000000000000000000000000000000000000000000000000000000000000000000000000000000000000000000000000000000000000000000000,0,0,0,0,0,020,3,2,1,0000000000000390,0000000000000390,0000000000000390,0000000000000390,00000000000000064,00000000000000064,0,0,1
756,00,00000000000000000000000000000000000000000000000000000000000000000000000000000000000000000000000000000000000000000000000000000000,0,0,0,0,1,020,3,2,1,0000000000000390,0000000000000390,000000000000012e,000000000000012e,00000000000000062,00000000000000062,0,0,1
757,00,00000000000000000000000000000000000000000000000000000000000000000000000000000000000000000000000000000000000000000000000000000000,0,0,0,0,0,020,3,2,2,0000000000000390,0000000000000390,0000000000000390,0000000000000390,00000000000000064,00000000000000064,0,0,1
758,00,00000000000000000000000000000000000000000000000000000000000000000000000000000000000000000000000000000000000000000000000000000000,0,0,0,0,1,020,3,2,2,0000000000000390,0000000000000390,000000000000012e,000000000000012e,00000000000000066,00000000000000066,0,0,1
759,00,00000000000000000000000000000000000000000000000000000000000000000000000000000000000000000000000000000000000000000000000000000000,0,0,0,0,0,020,3,2,3,0000000000000390,0000000000000390,0000000000000390,0000000000000390,00000000000000064,00000000000000064,0,0,1
760,00,00000000000000000000000000000000000000000000000000000000000000000000000000000000000000000000000000000000000000000000000000000000,0,0,0,0,1,020,3,2,3,0000000000000390,0000000000000390,000000000000012e,000000000000012e,000000000000002c6,000000000000002c6,0,0,1
761,00,00000000000000000000000000000000000000000000000000000000000000000000000000000000000000000000000000000000000000000000000000000000,0,0,0,0,0,020,3,3,0,0000000000000390,0000000000000390,0000000000000390,0000000000000390,3ffffffffffffff96,3ffffffffffffff96,0,0,1
762,00,00000000000000000000000000000000000000000000000000000000000000000000000000000000000000000000000000000000000000000000000000000000,0,0,0,0,1,020,3,3,0,0000000000000390,0000000000000390,000000000000012e,000000000000012e,3fffffffffffffd34,3fffffffffffffd34,0,0,1
763,00,00000000000000000000000000000000000000000000000000000000000000000000000000000000000000000000000000000000000000000000000000000000,0,0,0,0,0,020,3,3,1,0000000000000390,0000000000000390,0000000000000390,0000000000000390,3ffffffffffffff96,3ffffffffffffff96,0,0,1
764,00,00000000000000000000000000000000000000000000000000000000000000000000000000000000000000000000000000000000000000000000000000000000,0,0,0,0,1,020,3,3,1,0000000000000390,0000000000000390,000000000000012e,000000000000012e,3ffffffffffffff94,3ffffffffffffff94,0,0,1
765,00,00000000000000000000000000000000000000000000000000000000000000000000000000000000000000000000000000000000000000000000000000000000,0,0,0,0,0,020,3,3,2,0000000000000390,0000000000000390,0000000000000390,0000000000000390,3ffffffffffffff96,3ffffffffffffff96,0,0,1
766,00,00000000000000000000000000000000000000000000000000000000000000000000000000000000000000000000000000000000000000000000000000000000,0,0,0,0,1,020,3,3,2,0000000000000390,0000000000000390,000000000000012e,000000000000012e,3ffffffffffffff98,3ffffffffffffff98,0,0,1
767,00,00000000000000000000000000000000000000000000000000000000000000000000000000000000000000000000000000000000000000000000000000000000,0,0,0,0,0,020,3,3,3,0000000000000390,0000000000000390,0000000000000390,0000000000000390,3ffffffffffffff96,3ffffffffffffff96,0,0,1
768,00,00000000000000000000000000000000000000000000000000000000000000000000000000000000000000000000000000000000000000000000000000000000,0,0,0,0,1,020,3,3,3,0000000000000390,0000000000000390,000000000000012e,000000000000012e,000000000000001f8,000000000000001f8,0,0,1
12904,6b,7adc00811d5d670c80d931cf56b456f96a7a604daa9223fd06582099b060e693bf49042617372ccbc419548cc04ab8b5840a6bf4c2c3a9bc74f3a9d5d1d62bad,5,5,241,241,0,117,e,3,0,0000000000000000,0000000000000000,0000000000000000,0000000000000000,00000000000000000,00000000000000000,1,1,1
