edge,time_ns,scenario,rst_n,enable,pre_phase,pre_quiet,pre_advance,pre_capture,post_phase,post_quiet,post_advance,post_capture,post_tp,post_az,post_amplify,post_precharge,post_accurate
1,5.001,reset,0,0,0,0,0,0,0,0,0,0,0,0,0,0,0
2,15.001,reset,0,0,0,0,0,0,0,0,0,0,0,0,0,0,0
3,25.001,startup_then_steady,1,1,0,1,0,0,1,0,1,0,1,1,0,0,0
4,35.001,startup_then_steady,1,1,1,0,1,0,2,0,0,0,1,1,0,1,0
5,45.001,startup_then_steady,1,1,2,0,0,0,3,0,0,0,1,1,0,1,0
6,55.001,startup_then_steady,1,1,3,0,0,0,4,0,0,0,1,1,0,1,0
7,65.001,startup_then_steady,1,1,4,0,0,0,5,0,0,0,1,1,0,1,0
8,75.001,startup_then_steady,1,1,5,0,0,0,6,0,0,0,1,1,0,1,0
9,85.001,startup_then_steady,1,1,6,0,0,0,7,0,0,0,1,1,0,1,0
10,95.001,startup_then_steady,1,1,7,0,0,0,8,0,0,0,1,1,0,1,0
11,105.001,startup_then_steady,1,1,8,0,0,0,9,0,0,1,1,0,0,0,0
12,115.001,startup_then_steady,1,1,9,0,0,1,10,0,0,0,1,0,1,0,1
13,125.001,startup_then_steady,1,1,10,0,0,0,11,0,0,0,1,0,1,0,1
14,135.001,startup_then_steady,1,1,11,0,0,0,12,0,0,0,1,0,1,0,1
15,145.001,startup_then_steady,1,1,12,0,0,0,13,0,0,0,1,0,1,0,1
16,155.001,startup_then_steady,1,1,13,0,0,0,14,0,0,0,1,0,1,0,1
17,165.001,startup_then_steady,1,1,14,0,0,0,15,0,0,0,1,0,1,0,1
18,175.001,startup_then_steady,1,1,15,0,0,0,0,1,0,0,0,0,1,0,1
19,185.001,startup_then_steady,1,1,0,1,0,0,1,0,1,0,1,1,0,0,0
20,195.001,startup_then_steady,1,1,1,0,1,0,2,0,0,0,1,1,0,1,0
21,205.001,startup_then_steady,1,1,2,0,0,0,3,0,0,0,1,1,0,1,0
22,215.001,startup_then_steady,1,1,3,0,0,0,4,0,0,0,1,1,0,1,0
23,225.001,startup_then_steady,1,1,4,0,0,0,5,0,0,0,1,1,0,1,0
24,235.001,startup_then_steady,1,1,5,0,0,0,6,0,0,0,1,1,0,1,0
25,245.001,startup_then_steady,1,1,6,0,0,0,7,0,0,0,1,1,0,1,0
26,255.001,startup_then_steady,1,1,7,0,0,0,8,0,0,0,1,1,0,1,0
27,265.001,startup_then_steady,1,1,8,0,0,0,9,0,0,1,1,0,0,0,0
28,275.001,startup_then_steady,1,1,9,0,0,1,10,0,0,0,1,0,1,0,1
29,285.001,startup_then_steady,1,1,10,0,0,0,11,0,0,0,1,0,1,0,1
30,295.001,startup_then_steady,1,1,11,0,0,0,12,0,0,0,1,0,1,0,1
31,305.001,startup_then_steady,1,1,12,0,0,0,13,0,0,0,1,0,1,0,1
32,315.001,startup_then_steady,1,1,13,0,0,0,14,0,0,0,1,0,1,0,1
33,325.001,startup_then_steady,1,1,14,0,0,0,15,0,0,0,1,0,1,0,1
34,335.001,startup_then_steady,1,1,15,0,0,0,0,1,0,0,0,0,1,0,1
35,345.001,startup_then_steady,1,1,0,1,0,0,1,0,1,0,1,1,0,0,0
36,355.001,startup_then_steady,1,1,1,0,1,0,2,0,0,0,1,1,0,1,0
37,365.001,startup_then_steady,1,1,2,0,0,0,3,0,0,0,1,1,0,1,0
38,375.001,startup_then_steady,1,1,3,0,0,0,4,0,0,0,1,1,0,1,0
39,385.001,startup_then_steady,1,1,4,0,0,0,5,0,0,0,1,1,0,1,0
40,395.001,startup_then_steady,1,1,5,0,0,0,6,0,0,0,1,1,0,1,0
41,405.001,startup_then_steady,1,1,6,0,0,0,7,0,0,0,1,1,0,1,0
42,415.001,startup_then_steady,1,1,7,0,0,0,8,0,0,0,1,1,0,1,0
43,425.001,startup_then_steady,1,1,8,0,0,0,9,0,0,1,1,0,0,0,0
44,435.001,startup_then_steady,1,1,9,0,0,1,10,0,0,0,1,0,1,0,1
45,445.001,startup_then_steady,1,1,10,0,0,0,11,0,0,0,1,0,1,0,1
46,455.001,startup_then_steady,1,1,11,0,0,0,12,0,0,0,1,0,1,0,1
47,465.001,startup_then_steady,1,1,12,0,0,0,13,0,0,0,1,0,1,0,1
48,475.001,startup_then_steady,1,1,13,0,0,0,14,0,0,0,1,0,1,0,1
49,485.001,startup_then_steady,1,1,14,0,0,0,15,0,0,0,1,0,1,0,1
50,495.001,startup_then_steady,1,1,15,0,0,0,0,1,0,0,0,0,1,0,1
51,505.001,startup_then_steady,1,1,0,1,0,0,1,0,1,0,1,1,0,0,0
52,515.001,startup_then_steady,1,1,1,0,1,0,2,0,0,0,1,1,0,1,0
53,525.001,startup_then_steady,1,1,2,0,0,0,3,0,0,0,1,1,0,1,0
54,535.001,startup_then_steady,1,1,3,0,0,0,4,0,0,0,1,1,0,1,0
55,545.001,startup_then_steady,1,1,4,0,0,0,5,0,0,0,1,1,0,1,0
56,555.001,startup_then_steady,1,1,5,0,0,0,6,0,0,0,1,1,0,1,0
57,565.001,startup_then_steady,1,1,6,0,0,0,7,0,0,0,1,1,0,1,0
58,575.001,startup_then_steady,1,1,7,0,0,0,8,0,0,0,1,1,0,1,0
59,585.001,startup_then_steady,1,1,8,0,0,0,9,0,0,1,1,0,0,0,0
60,595.001,startup_then_steady,1,1,9,0,0,1,10,0,0,0,1,0,1,0,1
61,605.001,startup_then_steady,1,1,10,0,0,0,11,0,0,0,1,0,1,0,1
62,615.001,startup_then_steady,1,1,11,0,0,0,12,0,0,0,1,0,1,0,1
63,625.001,startup_then_steady,1,1,12,0,0,0,13,0,0,0,1,0,1,0,1
64,635.001,startup_then_steady,1,1,13,0,0,0,14,0,0,0,1,0,1,0,1
65,645.001,startup_then_steady,1,1,14,0,0,0,15,0,0,0,1,0,1,0,1
66,655.001,startup_then_steady,1,1,15,0,0,0,0,1,0,0,0,0,1,0,1
67,665.001,startup_then_steady,1,1,0,1,0,0,1,0,1,0,1,1,0,0,0
68,675.001,startup_then_steady,1,1,1,0,1,0,2,0,0,0,1,1,0,1,0
69,685.001,startup_then_steady,1,1,2,0,0,0,3,0,0,0,1,1,0,1,0
70,695.001,startup_then_steady,1,1,3,0,0,0,4,0,0,0,1,1,0,1,0
71,705.001,startup_then_steady,1,1,4,0,0,0,5,0,0,0,1,1,0,1,0
72,715.001,startup_then_steady,1,1,5,0,0,0,6,0,0,0,1,1,0,1,0
73,725.001,startup_then_steady,1,1,6,0,0,0,7,0,0,0,1,1,0,1,0
74,735.001,startup_then_steady,1,1,7,0,0,0,8,0,0,0,1,1,0,1,0
75,745.001,startup_then_steady,1,1,8,0,0,0,9,0,0,1,1,0,0,0,0
76,755.001,startup_then_steady,1,1,9,0,0,1,10,0,0,0,1,0,1,0,1
77,765.001,startup_then_steady,1,1,10,0,0,0,11,0,0,0,1,0,1,0,1
78,775.001,startup_then_steady,1,1,11,0,0,0,12,0,0,0,1,0,1,0,1
79,785.001,startup_then_steady,1,1,12,0,0,0,13,0,0,0,1,0,1,0,1
80,795.001,startup_then_steady,1,1,13,0,0,0,14,0,0,0,1,0,1,0,1
81,805.001,startup_then_steady,1,1,14,0,0,0,15,0,0,0,1,0,1,0,1
82,815.001,startup_then_steady,1,1,15,0,0,0,0,1,0,0,0,0,1,0,1
83,825.001,startup_then_steady,1,1,0,1,0,0,1,0,1,0,1,1,0,0,0
84,835.001,startup_then_steady,1,1,1,0,1,0,2,0,0,0,1,1,0,1,0
85,845.001,startup_then_steady,1,1,2,0,0,0,3,0,0,0,1,1,0,1,0
86,855.001,startup_then_steady,1,1,3,0,0,0,4,0,0,0,1,1,0,1,0
87,865.001,startup_then_steady,1,1,4,0,0,0,5,0,0,0,1,1,0,1,0
88,875.001,startup_then_steady,1,1,5,0,0,0,6,0,0,0,1,1,0,1,0
89,885.001,startup_then_steady,1,1,6,0,0,0,7,0,0,0,1,1,0,1,0
90,895.001,startup_then_steady,1,1,7,0,0,0,8,0,0,0,1,1,0,1,0
91,905.001,startup_then_steady,1,1,8,0,0,0,9,0,0,1,1,0,0,0,0
92,915.001,startup_then_steady,1,1,9,0,0,1,10,0,0,0,1,0,1,0,1
93,925.001,startup_then_steady,1,1,10,0,0,0,11,0,0,0,1,0,1,0,1
94,935.001,startup_then_steady,1,1,11,0,0,0,12,0,0,0,1,0,1,0,1
95,945.001,startup_then_steady,1,1,12,0,0,0,13,0,0,0,1,0,1,0,1
96,955.001,startup_then_steady,1,1,13,0,0,0,14,0,0,0,1,0,1,0,1
97,965.001,startup_then_steady,1,1,14,0,0,0,15,0,0,0,1,0,1,0,1
98,975.001,startup_then_steady,1,1,15,0,0,0,0,1,0,0,0,0,1,0,1
99,985.001,startup_then_steady,1,1,0,1,0,0,1,0,1,0,1,1,0,0,0
100,995.001,startup_then_steady,1,1,1,0,1,0,2,0,0,0,1,1,0,1,0
101,1005.001,startup_then_steady,1,1,2,0,0,0,3,0,0,0,1,1,0,1,0
102,1015.001,startup_then_steady,1,1,3,0,0,0,4,0,0,0,1,1,0,1,0
103,1025.001,startup_then_steady,1,1,4,0,0,0,5,0,0,0,1,1,0,1,0
104,1035.001,startup_then_steady,1,1,5,0,0,0,6,0,0,0,1,1,0,1,0
105,1045.001,startup_then_steady,1,1,6,0,0,0,7,0,0,0,1,1,0,1,0
106,1055.001,startup_then_steady,1,1,7,0,0,0,8,0,0,0,1,1,0,1,0
107,1065.001,startup_then_steady,1,1,8,0,0,0,9,0,0,1,1,0,0,0,0
108,1075.001,startup_then_steady,1,1,9,0,0,1,10,0,0,0,1,0,1,0,1
109,1085.001,startup_then_steady,1,1,10,0,0,0,11,0,0,0,1,0,1,0,1
110,1095.001,startup_then_steady,1,1,11,0,0,0,12,0,0,0,1,0,1,0,1
111,1105.001,startup_then_steady,1,1,12,0,0,0,13,0,0,0,1,0,1,0,1
112,1115.001,startup_then_steady,1,1,13,0,0,0,14,0,0,0,1,0,1,0,1
113,1125.001,startup_then_steady,1,1,14,0,0,0,15,0,0,0,1,0,1,0,1
114,1135.001,startup_then_steady,1,1,15,0,0,0,0,1,0,0,0,0,1,0,1
115,1145.001,startup_then_steady,1,1,0,1,0,0,1,0,1,0,1,1,0,0,0
116,1155.001,startup_then_steady,1,1,1,0,1,0,2,0,0,0,1,1,0,1,0
117,1165.001,startup_then_steady,1,1,2,0,0,0,3,0,0,0,1,1,0,1,0
118,1175.001,startup_then_steady,1,1,3,0,0,0,4,0,0,0,1,1,0,1,0
119,1185.001,startup_then_steady,1,1,4,0,0,0,5,0,0,0,1,1,0,1,0
120,1195.001,startup_then_steady,1,1,5,0,0,0,6,0,0,0,1,1,0,1,0
121,1205.001,startup_then_steady,1,1,6,0,0,0,7,0,0,0,1,1,0,1,0
122,1215.001,startup_then_steady,1,1,7,0,0,0,8,0,0,0,1,1,0,1,0
123,1225.001,startup_then_steady,1,1,8,0,0,0,9,0,0,1,1,0,0,0,0
124,1235.001,startup_then_steady,1,1,9,0,0,1,10,0,0,0,1,0,1,0,1
125,1245.001,startup_then_steady,1,1,10,0,0,0,11,0,0,0,1,0,1,0,1
126,1255.001,startup_then_steady,1,1,11,0,0,0,12,0,0,0,1,0,1,0,1
127,1265.001,startup_then_steady,1,1,12,0,0,0,13,0,0,0,1,0,1,0,1
128,1275.001,startup_then_steady,1,1,13,0,0,0,14,0,0,0,1,0,1,0,1
129,1285.001,startup_then_steady,1,1,14,0,0,0,15,0,0,0,1,0,1,0,1
130,1295.001,startup_then_steady,1,1,15,0,0,0,0,1,0,0,0,0,1,0,1
131,1305.001,startup_then_steady,1,1,0,1,0,0,1,0,1,0,1,1,0,0,0
132,1315.001,startup_then_steady,1,1,1,0,1,0,2,0,0,0,1,1,0,1,0
133,1325.001,startup_then_steady,1,1,2,0,0,0,3,0,0,0,1,1,0,1,0
134,1335.001,startup_then_steady,1,1,3,0,0,0,4,0,0,0,1,1,0,1,0
135,1345.001,startup_then_steady,1,1,4,0,0,0,5,0,0,0,1,1,0,1,0
136,1355.001,startup_then_steady,1,1,5,0,0,0,6,0,0,0,1,1,0,1,0
137,1365.001,startup_then_steady,1,1,6,0,0,0,7,0,0,0,1,1,0,1,0
138,1375.001,startup_then_steady,1,1,7,0,0,0,8,0,0,0,1,1,0,1,0
139,1385.001,startup_then_steady,1,1,8,0,0,0,9,0,0,1,1,0,0,0,0
140,1395.001,startup_then_steady,1,1,9,0,0,1,10,0,0,0,1,0,1,0,1
141,1405.001,startup_then_steady,1,1,10,0,0,0,11,0,0,0,1,0,1,0,1
142,1415.001,startup_then_steady,1,1,11,0,0,0,12,0,0,0,1,0,1,0,1
143,1425.001,startup_then_steady,1,1,12,0,0,0,13,0,0,0,1,0,1,0,1
144,1435.001,startup_then_steady,1,1,13,0,0,0,14,0,0,0,1,0,1,0,1
145,1445.001,startup_then_steady,1,1,14,0,0,0,15,0,0,0,1,0,1,0,1
146,1455.001,startup_then_steady,1,1,15,0,0,0,0,1,0,0,0,0,1,0,1
147,1465.001,startup_then_steady,1,1,0,1,0,0,1,0,1,0,1,1,0,0,0
148,1475.001,startup_then_steady,1,1,1,0,1,0,2,0,0,0,1,1,0,1,0
149,1485.001,startup_then_steady,1,1,2,0,0,0,3,0,0,0,1,1,0,1,0
150,1495.001,startup_then_steady,1,1,3,0,0,0,4,0,0,0,1,1,0,1,0
151,1505.001,startup_then_steady,1,1,4,0,0,0,5,0,0,0,1,1,0,1,0
152,1515.001,startup_then_steady,1,1,5,0,0,0,6,0,0,0,1,1,0,1,0
153,1525.001,startup_then_steady,1,1,6,0,0,0,7,0,0,0,1,1,0,1,0
154,1535.001,startup_then_steady,1,1,7,0,0,0,8,0,0,0,1,1,0,1,0
155,1545.001,startup_then_steady,1,1,8,0,0,0,9,0,0,1,1,0,0,0,0
156,1555.001,startup_then_steady,1,1,9,0,0,1,10,0,0,0,1,0,1,0,1
157,1565.001,startup_then_steady,1,1,10,0,0,0,11,0,0,0,1,0,1,0,1
158,1575.001,startup_then_steady,1,1,11,0,0,0,12,0,0,0,1,0,1,0,1
159,1585.001,startup_then_steady,1,1,12,0,0,0,13,0,0,0,1,0,1,0,1
160,1595.001,startup_then_steady,1,1,13,0,0,0,14,0,0,0,1,0,1,0,1
161,1605.001,startup_then_steady,1,1,14,0,0,0,15,0,0,0,1,0,1,0,1
162,1615.001,startup_then_steady,1,1,15,0,0,0,0,1,0,0,0,0,1,0,1
163,1625.001,startup_then_steady,1,1,0,1,0,0,1,0,1,0,1,1,0,0,0
164,1635.001,startup_then_steady,1,1,1,0,1,0,2,0,0,0,1,1,0,1,0
165,1645.001,startup_then_steady,1,1,2,0,0,0,3,0,0,0,1,1,0,1,0
166,1655.001,startup_then_steady,1,1,3,0,0,0,4,0,0,0,1,1,0,1,0
167,1665.001,startup_then_steady,1,1,4,0,0,0,5,0,0,0,1,1,0,1,0
168,1675.001,startup_then_steady,1,1,5,0,0,0,6,0,0,0,1,1,0,1,0
169,1685.001,startup_then_steady,1,1,6,0,0,0,7,0,0,0,1,1,0,1,0
170,1695.001,startup_then_steady,1,1,7,0,0,0,8,0,0,0,1,1,0,1,0
171,1705.001,startup_then_steady,1,1,8,0,0,0,9,0,0,1,1,0,0,0,0
172,1715.001,startup_then_steady,1,1,9,0,0,1,10,0,0,0,1,0,1,0,1
173,1725.001,startup_then_steady,1,1,10,0,0,0,11,0,0,0,1,0,1,0,1
174,1735.001,startup_then_steady,1,1,11,0,0,0,12,0,0,0,1,0,1,0,1
175,1745.001,disable_cancels_schedule,1,0,12,0,0,0,0,0,0,0,0,0,0,0,0
