edge,time_ns,scenario,rst_n,cfg_ready,start,clear,code,id,slice_id,pre_busy,pre_stage_b,pre_div_busy,pre_div_done,pre_div_cnt,post_busy,post_stage_b,post_div_busy,post_div_done,post_div_cnt,post_valid,post_word,post_id,post_flags,post_gain_sticky,post_fine,post_gain,post_total,post_rails,post_a1,post_div_q
1,5.001,reset,0,0,0,0,0,0,0,0,0,0,0,0,0,0,0,0,0,0,0,0,0,0,0,0,0,0,0,0
2,15.001,reset,0,0,0,0,0,0,0,0,0,0,0,0,0,0,0,0,0,0,0,0,0,0,0,0,0,0,0,0
3,25.001,reset,1,0,0,0,0,0,0,0,0,0,0,0,0,0,0,0,0,0,0,0,0,0,0,0,0,0,0,0
4,35.001,reset,1,0,0,0,0,0,0,0,0,0,0,0,0,0,0,0,0,0,0,0,0,0,0,0,0,0,0,0
5,45.001,reset,1,0,0,0,0,0,0,0,0,0,0,0,0,0,0,0,0,0,0,0,0,0,0,0,0,0,0,0
6,55.001,reset,1,0,0,0,0,0,0,0,0,0,0,0,0,0,0,0,0,0,0,0,0,0,0,0,0,0,0,0
7,65.001,reset,1,0,0,0,0,0,0,0,0,0,0,0,0,0,0,0,0,0,0,0,0,0,0,0,0,0,0,0
8,75.001,reset,1,0,0,0,0,0,0,0,0,0,0,0,0,0,0,0,0,0,0,0,0,0,0,0,0,0,0,0
9,85.001,reset,1,0,0,0,0,0,0,0,0,0,0,0,0,0,0,0,0,0,0,0,0,0,0,0,0,0,0,0
10,95.001,reset,1,0,0,0,0,0,0,0,0,0,0,0,0,0,0,0,0,0,0,0,0,0,0,0,0,0,0,0
11,105.001,reset,1,0,0,0,0,0,0,0,0,0,0,0,0,0,0,0,0,0,0,0,0,0,0,0,0,0,0,0
12,115.001,reset,1,0,0,0,0,0,0,0,0,0,0,0,0,0,0,0,0,0,0,0,0,0,0,0,0,0,0,0
13,125.001,reset,1,0,0,0,0,0,0,0,0,0,0,0,0,0,0,0,0,0,0,0,0,0,0,0,0,0,0,0
14,135.001,reset,1,0,0,0,0,0,0,0,0,0,0,0,0,0,0,0,0,0,0,0,0,0,0,0,0,0,0,0
15,145.001,reset,1,0,0,0,0,0,0,0,0,0,0,0,0,0,0,0,0,0,0,0,0,0,0,0,0,0,0,0
16,155.001,reset,1,0,0,0,0,0,0,0,0,0,0,0,0,0,0,0,0,0,0,0,0,0,0,0,0,0,0,0
17,165.001,reset,1,0,0,0,0,0,0,0,0,0,0,0,0,0,0,0,0,0,0,0,0,0,0,0,0,0,0,0
18,175.001,reset,1,0,0,0,0,0,0,0,0,0,0,0,0,0,0,0,0,0,0,0,0,0,0,0,0,0,0,0
19,185.001,reset,1,0,0,0,0,0,0,0,0,0,0,0,0,0,0,0,0,0,0,0,0,0,0,0,0,0,0,0
20,195.001,reset,1,0,0,0,0,0,0,0,0,0,0,0,0,0,0,0,0,0,0,0,0,0,0,0,0,0,0,0
21,205.001,reset,1,0,0,0,0,0,0,0,0,0,0,0,0,0,0,0,0,0,0,0,0,0,0,0,0,0,0,0
22,215.001,reset,1,0,0,0,0,0,0,0,0,0,0,0,0,0,0,0,0,0,0,0,0,0,0,0,0,0,0,0
23,225.001,reset,1,0,0,0,0,0,0,0,0,0,0,0,0,0,0,0,0,0,0,0,0,0,0,0,0,0,0,0
24,235.001,reset,1,0,0,0,0,0,0,0,0,0,0,0,0,0,0,0,0,0,0,0,0,0,0,0,0,0,0,0
25,245.001,reset,1,0,0,0,0,0,0,0,0,0,0,0,0,0,0,0,0,0,0,0,0,0,0,0,0,0,0,0
26,255.001,reset,1,0,0,0,0,0,0,0,0,0,0,0,0,0,0,0,0,0,0,0,0,0,0,0,0,0,0,0
27,265.001,reset,1,0,0,0,0,0,0,0,0,0,0,0,0,0,0,0,0,0,0,0,0,0,0,0,0,0,0,0
28,275.001,reset,1,0,0,0,0,0,0,0,0,0,0,0,0,0,0,0,0,0,0,0,0,0,0,0,0,0,0,0
29,285.001,reset,1,0,0,0,0,0,0,0,0,0,0,0,0,0,0,0,0,0,0,0,0,0,0,0,0,0,0,0
30,295.001,reset,1,0,0,0,0,0,0,0,0,0,0,0,0,0,0,0,0,0,0,0,0,0,0,0,0,0,0,0
31,305.001,reset,1,0,0,0,0,0,0,0,0,0,0,0,0,0,0,0,0,0,0,0,0,0,0,0,0,0,0,0
32,315.001,reset,1,0,0,0,0,0,0,0,0,0,0,0,0,0,0,0,0,0,0,0,0,0,0,0,0,0,0,0
33,325.001,reset,1,0,0,0,0,0,0,0,0,0,0,0,0,0,0,0,0,0,0,0,0,0,0,0,0,0,0,0
34,335.001,reset,1,0,0,0,0,0,0,0,0,0,0,0,0,0,0,0,0,0,0,0,0,0,0,0,0,0,0,0
35,345.001,unconfigured_request,1,0,1,0,123,100,0,0,0,0,0,0,0,0,0,0,0,0,0,0,0,0,0,0,0,0,0,0
36,355.001,unconfigured_request,1,0,0,0,987654,4294967295,0,0,0,0,0,0,0,0,0,0,0,0,0,0,0,0,0,0,0,0,0,0
37,365.001,unconfigured_request,1,0,0,0,987654,4294967295,0,0,0,0,0,0,0,0,0,0,0,0,0,0,0,0,0,0,0,0,0,0
38,375.001,unconfigured_request,1,1,0,0,987654,4294967295,0,0,0,0,0,0,0,0,0,0,0,0,0,0,0,0,0,0,0,0,0,0
39,385.001,normal_capture,1,1,1,0,73,101,0,0,0,0,0,0,1,1,0,0,0,0,0,0,0,0,602112,1073741824,1073741824,1073741824,78920024064,0
40,395.001,normal_capture,1,1,0,0,987654,4294967295,0,1,1,0,0,0,1,0,1,0,0,0,0,0,0,0,602112,1073741824,1073741824,1073741824,78920024064,0
41,405.001,normal_capture,1,1,0,0,987654,4294967295,0,1,0,1,0,0,1,0,1,0,1,0,0,0,0,0,602112,1073741824,1073741824,1073741824,78920024064,0
42,415.001,normal_capture,1,1,0,0,987654,4294967295,0,1,0,1,0,1,1,0,1,0,2,0,0,0,0,0,602112,1073741824,1073741824,1073741824,78920024064,0
43,425.001,normal_capture,1,1,0,0,987654,4294967295,0,1,0,1,0,2,1,0,1,0,3,0,0,0,0,0,602112,1073741824,1073741824,1073741824,78920024064,0
44,435.001,normal_capture,1,1,0,0,987654,4294967295,0,1,0,1,0,3,1,0,1,0,4,0,0,0,0,0,602112,1073741824,1073741824,1073741824,78920024064,0
45,445.001,normal_capture,1,1,0,0,987654,4294967295,0,1,0,1,0,4,1,0,1,0,5,0,0,0,0,0,602112,1073741824,1073741824,1073741824,78920024064,0
46,455.001,normal_capture,1,1,0,0,987654,4294967295,0,1,0,1,0,5,1,0,1,0,6,0,0,0,0,0,602112,1073741824,1073741824,1073741824,78920024064,0
47,465.001,normal_capture,1,1,0,0,987654,4294967295,0,1,0,1,0,6,1,0,1,0,7,0,0,0,0,0,602112,1073741824,1073741824,1073741824,78920024064,0
48,475.001,normal_capture,1,1,0,0,987654,4294967295,0,1,0,1,0,7,1,0,1,0,8,0,0,0,0,0,602112,1073741824,1073741824,1073741824,78920024064,0
49,485.001,normal_capture,1,1,0,0,987654,4294967295,0,1,0,1,0,8,0,0,0,1,8,0,0,0,0,0,602112,1073741824,1073741824,1073741824,78920024064,73
50,495.001,normal_capture,1,1,0,0,987654,4294967295,0,0,0,0,1,8,0,0,0,0,8,1,73,101,0,0,602112,1073741824,1073741824,1073741824,78920024064,73
51,505.001,normal_before_overlap,1,1,1,0,111,201,0,0,0,0,0,8,1,1,0,0,8,0,73,101,0,0,913408,1073741824,1073741824,1073741824,119722213376,73
52,515.001,normal_before_overlap,1,1,0,0,987654,4294967295,0,1,1,0,0,8,1,0,1,0,0,0,73,101,0,0,913408,1073741824,1073741824,1073741824,119722213376,73
53,525.001,normal_before_overlap,1,1,0,0,987654,4294967295,0,1,0,1,0,0,1,0,1,0,1,0,73,101,0,0,913408,1073741824,1073741824,1073741824,119722213376,73
54,535.001,normal_before_overlap,1,1,0,0,987654,4294967295,0,1,0,1,0,1,1,0,1,0,2,0,73,101,0,0,913408,1073741824,1073741824,1073741824,119722213376,73
55,545.001,normal_before_overlap,1,1,0,0,987654,4294967295,0,1,0,1,0,2,1,0,1,0,3,0,73,101,0,0,913408,1073741824,1073741824,1073741824,119722213376,73
56,555.001,normal_before_overlap,1,1,0,0,987654,4294967295,0,1,0,1,0,3,1,0,1,0,4,0,73,101,0,0,913408,1073741824,1073741824,1073741824,119722213376,73
57,565.001,normal_before_overlap,1,1,0,0,987654,4294967295,0,1,0,1,0,4,1,0,1,0,5,0,73,101,0,0,913408,1073741824,1073741824,1073741824,119722213376,73
58,575.001,normal_before_overlap,1,1,0,0,987654,4294967295,0,1,0,1,0,5,1,0,1,0,6,0,73,101,0,0,913408,1073741824,1073741824,1073741824,119722213376,73
59,585.001,normal_before_overlap,1,1,0,0,987654,4294967295,0,1,0,1,0,6,1,0,1,0,7,0,73,101,0,0,913408,1073741824,1073741824,1073741824,119722213376,73
60,595.001,normal_before_overlap,1,1,0,0,987654,4294967295,0,1,0,1,0,7,1,0,1,0,8,0,73,101,0,0,913408,1073741824,1073741824,1073741824,119722213376,73
61,605.001,normal_before_overlap,1,1,0,0,987654,4294967295,0,1,0,1,0,8,0,0,0,1,8,0,73,101,0,0,913408,1073741824,1073741824,1073741824,119722213376,111
62,615.001,commit_and_next_start,1,1,1,0,203,202,0,0,0,0,1,8,1,1,0,0,8,1,111,201,0,0,1667072,1073741824,1073741824,1073741824,218506461184,111
63,625.001,next_after_overlap,1,1,0,0,987654,4294967295,0,1,1,0,0,8,1,0,1,0,0,0,111,201,0,0,1667072,1073741824,1073741824,1073741824,218506461184,111
64,635.001,next_after_overlap,1,1,0,0,987654,4294967295,0,1,0,1,0,0,1,0,1,0,1,0,111,201,0,0,1667072,1073741824,1073741824,1073741824,218506461184,111
65,645.001,next_after_overlap,1,1,0,0,987654,4294967295,0,1,0,1,0,1,1,0,1,0,2,0,111,201,0,0,1667072,1073741824,1073741824,1073741824,218506461184,111
66,655.001,next_after_overlap,1,1,0,0,987654,4294967295,0,1,0,1,0,2,1,0,1,0,3,0,111,201,0,0,1667072,1073741824,1073741824,1073741824,218506461184,111
67,665.001,next_after_overlap,1,1,0,0,987654,4294967295,0,1,0,1,0,3,1,0,1,0,4,0,111,201,0,0,1667072,1073741824,1073741824,1073741824,218506461184,111
68,675.001,next_after_overlap,1,1,0,0,987654,4294967295,0,1,0,1,0,4,1,0,1,0,5,0,111,201,0,0,1667072,1073741824,1073741824,1073741824,218506461184,111
69,685.001,next_after_overlap,1,1,0,0,987654,4294967295,0,1,0,1,0,5,1,0,1,0,6,0,111,201,0,0,1667072,1073741824,1073741824,1073741824,218506461184,111
70,695.001,next_after_overlap,1,1,0,0,987654,4294967295,0,1,0,1,0,6,1,0,1,0,7,0,111,201,0,0,1667072,1073741824,1073741824,1073741824,218506461184,111
71,705.001,next_after_overlap,1,1,0,0,987654,4294967295,0,1,0,1,0,7,1,0,1,0,8,0,111,201,0,0,1667072,1073741824,1073741824,1073741824,218506461184,111
72,715.001,next_after_overlap,1,1,0,0,987654,4294967295,0,1,0,1,0,8,0,0,0,1,8,0,111,201,0,0,1667072,1073741824,1073741824,1073741824,218506461184,203
73,725.001,next_after_overlap,1,1,0,0,987654,4294967295,0,0,0,0,1,8,0,0,0,0,8,1,203,202,0,0,1667072,1073741824,1073741824,1073741824,218506461184,203
74,735.001,cancel_during_division,1,1,1,0,99,301,0,0,0,0,0,8,1,1,0,0,8,0,203,202,0,0,815104,1073741824,1073741824,1073741824,106837311488,203
75,745.001,cancel_during_division,1,1,0,0,987654,4294967295,0,1,1,0,0,8,1,0,1,0,0,0,203,202,0,0,815104,1073741824,1073741824,1073741824,106837311488,203
76,755.001,cancel_during_division,1,1,0,0,987654,4294967295,0,1,0,1,0,0,1,0,1,0,1,0,203,202,0,0,815104,1073741824,1073741824,1073741824,106837311488,203
77,765.001,cancel_during_division,1,1,0,0,987654,4294967295,0,1,0,1,0,1,1,0,1,0,2,0,203,202,0,0,815104,1073741824,1073741824,1073741824,106837311488,203
78,775.001,cancel_during_division,1,0,0,0,987654,4294967295,0,1,0,1,0,2,0,0,0,0,0,0,0,0,0,0,815104,1073741824,1073741824,1073741824,106837311488,0
79,785.001,cancel_drain_no_leak,1,1,0,0,987654,4294967295,0,0,0,0,0,0,0,0,0,0,0,0,0,0,0,0,815104,1073741824,1073741824,1073741824,106837311488,0
80,795.001,cancel_drain_no_leak,1,1,0,0,987654,4294967295,0,0,0,0,0,0,0,0,0,0,0,0,0,0,0,0,815104,1073741824,1073741824,1073741824,106837311488,0
81,805.001,cancel_drain_no_leak,1,1,0,0,987654,4294967295,0,0,0,0,0,0,0,0,0,0,0,0,0,0,0,0,815104,1073741824,1073741824,1073741824,106837311488,0
82,815.001,cancel_drain_no_leak,1,1,0,0,987654,4294967295,0,0,0,0,0,0,0,0,0,0,0,0,0,0,0,0,815104,1073741824,1073741824,1073741824,106837311488,0
83,825.001,cancel_drain_no_leak,1,1,0,0,987654,4294967295,0,0,0,0,0,0,0,0,0,0,0,0,0,0,0,0,815104,1073741824,1073741824,1073741824,106837311488,0
84,835.001,cancel_drain_no_leak,1,1,0,0,987654,4294967295,0,0,0,0,0,0,0,0,0,0,0,0,0,0,0,0,815104,1073741824,1073741824,1073741824,106837311488,0
85,845.001,cancel_drain_no_leak,1,1,0,0,987654,4294967295,0,0,0,0,0,0,0,0,0,0,0,0,0,0,0,0,815104,1073741824,1073741824,1073741824,106837311488,0
86,855.001,cancel_drain_no_leak,1,1,0,0,987654,4294967295,0,0,0,0,0,0,0,0,0,0,0,0,0,0,0,0,815104,1073741824,1073741824,1073741824,106837311488,0
87,865.001,cancel_drain_no_leak,1,1,0,0,987654,4294967295,0,0,0,0,0,0,0,0,0,0,0,0,0,0,0,0,815104,1073741824,1073741824,1073741824,106837311488,0
88,875.001,cancel_drain_no_leak,1,1,0,0,987654,4294967295,0,0,0,0,0,0,0,0,0,0,0,0,0,0,0,0,815104,1073741824,1073741824,1073741824,106837311488,0
89,885.001,cancel_drain_no_leak,1,1,0,0,987654,4294967295,0,0,0,0,0,0,0,0,0,0,0,0,0,0,0,0,815104,1073741824,1073741824,1073741824,106837311488,0
90,895.001,cancel_drain_no_leak,1,1,0,0,987654,4294967295,0,0,0,0,0,0,0,0,0,0,0,0,0,0,0,0,815104,1073741824,1073741824,1073741824,106837311488,0
91,905.001,cancel_drain_no_leak,1,1,0,0,987654,4294967295,0,0,0,0,0,0,0,0,0,0,0,0,0,0,0,0,815104,1073741824,1073741824,1073741824,106837311488,0
92,915.001,cancel_drain_no_leak,1,1,0,0,987654,4294967295,0,0,0,0,0,0,0,0,0,0,0,0,0,0,0,0,815104,1073741824,1073741824,1073741824,106837311488,0
93,925.001,cancel_drain_no_leak,1,1,0,0,987654,4294967295,0,0,0,0,0,0,0,0,0,0,0,0,0,0,0,0,815104,1073741824,1073741824,1073741824,106837311488,0
94,935.001,cancel_drain_no_leak,1,1,0,0,987654,4294967295,0,0,0,0,0,0,0,0,0,0,0,0,0,0,0,0,815104,1073741824,1073741824,1073741824,106837311488,0
95,945.001,recovery_after_cancel,1,1,1,0,150,302,0,0,0,0,0,0,1,1,0,0,0,0,0,0,0,0,1232896,1073741824,1073741824,1073741824,161598144512,0
96,955.001,recovery_after_cancel,1,1,0,0,987654,4294967295,0,1,1,0,0,0,1,0,1,0,0,0,0,0,0,0,1232896,1073741824,1073741824,1073741824,161598144512,0
97,965.001,recovery_after_cancel,1,1,0,0,987654,4294967295,0,1,0,1,0,0,1,0,1,0,1,0,0,0,0,0,1232896,1073741824,1073741824,1073741824,161598144512,0
98,975.001,recovery_after_cancel,1,1,0,0,987654,4294967295,0,1,0,1,0,1,1,0,1,0,2,0,0,0,0,0,1232896,1073741824,1073741824,1073741824,161598144512,0
99,985.001,recovery_after_cancel,1,1,0,0,987654,4294967295,0,1,0,1,0,2,1,0,1,0,3,0,0,0,0,0,1232896,1073741824,1073741824,1073741824,161598144512,0
100,995.001,recovery_after_cancel,1,1,0,0,987654,4294967295,0,1,0,1,0,3,1,0,1,0,4,0,0,0,0,0,1232896,1073741824,1073741824,1073741824,161598144512,0
101,1005.001,recovery_after_cancel,1,1,0,0,987654,4294967295,0,1,0,1,0,4,1,0,1,0,5,0,0,0,0,0,1232896,1073741824,1073741824,1073741824,161598144512,0
102,1015.001,recovery_after_cancel,1,1,0,0,987654,4294967295,0,1,0,1,0,5,1,0,1,0,6,0,0,0,0,0,1232896,1073741824,1073741824,1073741824,161598144512,0
103,1025.001,recovery_after_cancel,1,1,0,0,987654,4294967295,0,1,0,1,0,6,1,0,1,0,7,0,0,0,0,0,1232896,1073741824,1073741824,1073741824,161598144512,0
104,1035.001,recovery_after_cancel,1,1,0,0,987654,4294967295,0,1,0,1,0,7,1,0,1,0,8,0,0,0,0,0,1232896,1073741824,1073741824,1073741824,161598144512,0
105,1045.001,recovery_after_cancel,1,1,0,0,987654,4294967295,0,1,0,1,0,8,0,0,0,1,8,0,0,0,0,0,1232896,1073741824,1073741824,1073741824,161598144512,150
106,1055.001,recovery_after_cancel,1,1,0,0,987654,4294967295,0,0,0,0,1,8,0,0,0,0,8,1,150,302,0,0,1232896,1073741824,1073741824,1073741824,161598144512,150
107,1065.001,recovery_after_cancel,1,1,0,0,987654,4294967295,31,0,0,0,0,8,0,0,0,0,8,0,150,302,0,0,1232896,1073741824,1073741824,1073741824,161598144512,150
108,1075.001,invalid_slice_error,1,1,1,0,500,401,31,0,0,0,0,8,1,1,0,0,8,0,150,302,0,0,4100096,0,0,0,537407782912,150
109,1085.001,invalid_slice_error,1,1,0,0,987654,4294967295,31,1,1,0,0,8,1,0,1,0,0,0,150,302,0,0,4100096,0,0,0,537407782912,150
110,1095.001,invalid_slice_error,1,1,0,0,987654,4294967295,31,1,0,1,0,0,1,0,1,0,1,0,150,302,0,0,4100096,0,0,0,537407782912,150
111,1105.001,invalid_slice_error,1,1,0,0,987654,4294967295,31,1,0,1,0,1,1,0,1,0,2,0,150,302,0,0,4100096,0,0,0,537407782912,150
112,1115.001,invalid_slice_error,1,1,0,0,987654,4294967295,31,1,0,1,0,2,1,0,1,0,3,0,150,302,0,0,4100096,0,0,0,537407782912,150
113,1125.001,invalid_slice_error,1,1,0,0,987654,4294967295,31,1,0,1,0,3,1,0,1,0,4,0,150,302,0,0,4100096,0,0,0,537407782912,150
114,1135.001,invalid_slice_error,1,1,0,0,987654,4294967295,31,1,0,1,0,4,1,0,1,0,5,0,150,302,0,0,4100096,0,0,0,537407782912,150
115,1145.001,invalid_slice_error,1,1,0,0,987654,4294967295,31,1,0,1,0,5,1,0,1,0,6,0,150,302,0,0,4100096,0,0,0,537407782912,150
116,1155.001,invalid_slice_error,1,1,0,0,987654,4294967295,31,1,0,1,0,6,1,0,1,0,7,0,150,302,0,0,4100096,0,0,0,537407782912,150
117,1165.001,invalid_slice_error,1,1,0,0,987654,4294967295,31,1,0,1,0,7,1,0,1,0,8,0,150,302,0,0,4100096,0,0,0,537407782912,150
118,1175.001,invalid_slice_error,1,1,0,0,987654,4294967295,31,1,0,1,0,8,0,0,0,1,8,0,150,302,0,0,4100096,0,0,0,537407782912,0
119,1185.001,invalid_slice_error,1,1,0,0,987654,4294967295,31,0,0,0,1,8,0,0,0,0,8,1,150,401,2,1,4100096,0,0,0,537407782912,0
120,1195.001,clear_sticky_error,1,1,0,1,987654,4294967295,0,0,0,0,0,8,0,0,0,0,8,0,150,401,2,0,4100096,0,0,0,537407782912,0
121,1205.001,clear_sticky_error,1,1,0,0,987654,4294967295,0,0,0,0,0,8,0,0,0,0,8,0,150,401,2,0,4100096,0,0,0,537407782912,0
122,1215.001,recovery_after_error,1,1,1,0,304,501,0,0,0,0,0,8,1,1,0,0,8,0,150,401,2,0,2494464,1073741824,1073741824,1073741824,326954385408,0
123,1225.001,recovery_after_error,1,1,0,0,987654,4294967295,0,1,1,0,0,8,1,0,1,0,0,0,150,401,2,0,2494464,1073741824,1073741824,1073741824,326954385408,0
124,1235.001,recovery_after_error,1,1,0,0,987654,4294967295,0,1,0,1,0,0,1,0,1,0,1,0,150,401,2,0,2494464,1073741824,1073741824,1073741824,326954385408,0
125,1245.001,recovery_after_error,1,1,0,0,987654,4294967295,0,1,0,1,0,1,1,0,1,0,2,0,150,401,2,0,2494464,1073741824,1073741824,1073741824,326954385408,0
126,1255.001,recovery_after_error,1,1,0,0,987654,4294967295,0,1,0,1,0,2,1,0,1,0,3,0,150,401,2,0,2494464,1073741824,1073741824,1073741824,326954385408,0
127,1265.001,recovery_after_error,1,1,0,0,987654,4294967295,0,1,0,1,0,3,1,0,1,0,4,0,150,401,2,0,2494464,1073741824,1073741824,1073741824,326954385408,0
128,1275.001,recovery_after_error,1,1,0,0,987654,4294967295,0,1,0,1,0,4,1,0,1,0,5,0,150,401,2,0,2494464,1073741824,1073741824,1073741824,326954385408,0
129,1285.001,recovery_after_error,1,1,0,0,987654,4294967295,0,1,0,1,0,5,1,0,1,0,6,0,150,401,2,0,2494464,1073741824,1073741824,1073741824,326954385408,0
130,1295.001,recovery_after_error,1,1,0,0,987654,4294967295,0,1,0,1,0,6,1,0,1,0,7,0,150,401,2,0,2494464,1073741824,1073741824,1073741824,326954385408,0
131,1305.001,recovery_after_error,1,1,0,0,987654,4294967295,0,1,0,1,0,7,1,0,1,0,8,0,150,401,2,0,2494464,1073741824,1073741824,1073741824,326954385408,0
132,1315.001,recovery_after_error,1,1,0,0,987654,4294967295,0,1,0,1,0,8,0,0,0,1,8,0,150,401,2,0,2494464,1073741824,1073741824,1073741824,326954385408,304
133,1325.001,recovery_after_error,1,1,0,0,987654,4294967295,0,0,0,0,1,8,0,0,0,0,8,1,304,501,0,0,2494464,1073741824,1073741824,1073741824,326954385408,304
134,1335.001,recovery_after_error,1,1,0,0,987654,4294967295,31,0,0,0,0,8,0,0,0,0,8,0,304,501,0,0,2494464,1073741824,1073741824,1073741824,326954385408,304
135,1345.001,cancel_on_error_commit,1,1,1,0,500,601,31,0,0,0,0,8,1,1,0,0,8,0,304,501,0,0,4100096,0,0,0,537407782912,304
136,1355.001,cancel_on_error_commit,1,1,0,0,987654,4294967295,31,1,1,0,0,8,1,0,1,0,0,0,304,501,0,0,4100096,0,0,0,537407782912,304
137,1365.001,cancel_on_error_commit,1,1,0,0,987654,4294967295,31,1,0,1,0,0,1,0,1,0,1,0,304,501,0,0,4100096,0,0,0,537407782912,304
138,1375.001,cancel_on_error_commit,1,1,0,0,987654,4294967295,31,1,0,1,0,1,1,0,1,0,2,0,304,501,0,0,4100096,0,0,0,537407782912,304
139,1385.001,cancel_on_error_commit,1,1,0,0,987654,4294967295,31,1,0,1,0,2,1,0,1,0,3,0,304,501,0,0,4100096,0,0,0,537407782912,304
140,1395.001,cancel_on_error_commit,1,1,0,0,987654,4294967295,31,1,0,1,0,3,1,0,1,0,4,0,304,501,0,0,4100096,0,0,0,537407782912,304
141,1405.001,cancel_on_error_commit,1,1,0,0,987654,4294967295,31,1,0,1,0,4,1,0,1,0,5,0,304,501,0,0,4100096,0,0,0,537407782912,304
142,1415.001,cancel_on_error_commit,1,1,0,0,987654,4294967295,31,1,0,1,0,5,1,0,1,0,6,0,304,501,0,0,4100096,0,0,0,537407782912,304
143,1425.001,cancel_on_error_commit,1,1,0,0,987654,4294967295,31,1,0,1,0,6,1,0,1,0,7,0,304,501,0,0,4100096,0,0,0,537407782912,304
144,1435.001,cancel_on_error_commit,1,1,0,0,987654,4294967295,31,1,0,1,0,7,1,0,1,0,8,0,304,501,0,0,4100096,0,0,0,537407782912,304
145,1445.001,cancel_on_error_commit,1,1,0,0,987654,4294967295,31,1,0,1,0,8,0,0,0,1,8,0,304,501,0,0,4100096,0,0,0,537407782912,0
146,1455.001,cancel_on_error_commit,1,0,0,0,987654,4294967295,31,0,0,0,1,8,0,0,0,0,0,0,0,0,0,0,4100096,0,0,0,537407782912,0
147,1465.001,cancelled_error_drain,1,1,0,0,987654,4294967295,0,0,0,0,0,0,0,0,0,0,0,0,0,0,0,0,4100096,0,0,0,537407782912,0
148,1475.001,cancelled_error_drain,1,1,0,0,987654,4294967295,0,0,0,0,0,0,0,0,0,0,0,0,0,0,0,0,4100096,0,0,0,537407782912,0
149,1485.001,cancelled_error_drain,1,1,0,0,987654,4294967295,0,0,0,0,0,0,0,0,0,0,0,0,0,0,0,0,4100096,0,0,0,537407782912,0
150,1495.001,cancelled_error_drain,1,1,0,0,987654,4294967295,0,0,0,0,0,0,0,0,0,0,0,0,0,0,0,0,4100096,0,0,0,537407782912,0
151,1505.001,cancelled_error_drain,1,1,0,0,987654,4294967295,0,0,0,0,0,0,0,0,0,0,0,0,0,0,0,0,4100096,0,0,0,537407782912,0
152,1515.001,cancelled_error_drain,1,1,0,0,987654,4294967295,0,0,0,0,0,0,0,0,0,0,0,0,0,0,0,0,4100096,0,0,0,537407782912,0
153,1525.001,cancelled_error_drain,1,1,0,0,987654,4294967295,0,0,0,0,0,0,0,0,0,0,0,0,0,0,0,0,4100096,0,0,0,537407782912,0
154,1535.001,cancelled_error_drain,1,1,0,0,987654,4294967295,0,0,0,0,0,0,0,0,0,0,0,0,0,0,0,0,4100096,0,0,0,537407782912,0
155,1545.001,cancelled_error_drain,1,1,0,0,987654,4294967295,0,0,0,0,0,0,0,0,0,0,0,0,0,0,0,0,4100096,0,0,0,537407782912,0
156,1555.001,cancelled_error_drain,1,1,0,0,987654,4294967295,0,0,0,0,0,0,0,0,0,0,0,0,0,0,0,0,4100096,0,0,0,537407782912,0
157,1565.001,cancelled_error_drain,1,1,0,0,987654,4294967295,0,0,0,0,0,0,0,0,0,0,0,0,0,0,0,0,4100096,0,0,0,537407782912,0
158,1575.001,cancelled_error_drain,1,1,0,0,987654,4294967295,0,0,0,0,0,0,0,0,0,0,0,0,0,0,0,0,4100096,0,0,0,537407782912,0
159,1585.001,cancelled_error_drain,1,1,0,0,987654,4294967295,0,0,0,0,0,0,0,0,0,0,0,0,0,0,0,0,4100096,0,0,0,537407782912,0
160,1595.001,cancelled_error_drain,1,1,0,0,987654,4294967295,0,0,0,0,0,0,0,0,0,0,0,0,0,0,0,0,4100096,0,0,0,537407782912,0
161,1605.001,cancelled_error_drain,1,1,0,0,987654,4294967295,0,0,0,0,0,0,0,0,0,0,0,0,0,0,0,0,4100096,0,0,0,537407782912,0
162,1615.001,cancelled_error_drain,1,1,0,0,987654,4294967295,0,0,0,0,0,0,0,0,0,0,0,0,0,0,0,0,4100096,0,0,0,537407782912,0
163,1625.001,final_recovery,1,1,1,0,409,701,0,0,0,0,0,0,1,1,0,0,0,0,0,0,0,0,3354624,1073741824,1073741824,1073741824,439697276928,0
164,1635.001,final_recovery,1,1,0,0,987654,4294967295,0,1,1,0,0,0,1,0,1,0,0,0,0,0,0,0,3354624,1073741824,1073741824,1073741824,439697276928,0
165,1645.001,final_recovery,1,1,0,0,987654,4294967295,0,1,0,1,0,0,1,0,1,0,1,0,0,0,0,0,3354624,1073741824,1073741824,1073741824,439697276928,0
166,1655.001,final_recovery,1,1,0,0,987654,4294967295,0,1,0,1,0,1,1,0,1,0,2,0,0,0,0,0,3354624,1073741824,1073741824,1073741824,439697276928,0
167,1665.001,final_recovery,1,1,0,0,987654,4294967295,0,1,0,1,0,2,1,0,1,0,3,0,0,0,0,0,3354624,1073741824,1073741824,1073741824,439697276928,0
168,1675.001,final_recovery,1,1,0,0,987654,4294967295,0,1,0,1,0,3,1,0,1,0,4,0,0,0,0,0,3354624,1073741824,1073741824,1073741824,439697276928,0
169,1685.001,final_recovery,1,1,0,0,987654,4294967295,0,1,0,1,0,4,1,0,1,0,5,0,0,0,0,0,3354624,1073741824,1073741824,1073741824,439697276928,0
170,1695.001,final_recovery,1,1,0,0,987654,4294967295,0,1,0,1,0,5,1,0,1,0,6,0,0,0,0,0,3354624,1073741824,1073741824,1073741824,439697276928,0
171,1705.001,final_recovery,1,1,0,0,987654,4294967295,0,1,0,1,0,6,1,0,1,0,7,0,0,0,0,0,3354624,1073741824,1073741824,1073741824,439697276928,0
172,1715.001,final_recovery,1,1,0,0,987654,4294967295,0,1,0,1,0,7,1,0,1,0,8,0,0,0,0,0,3354624,1073741824,1073741824,1073741824,439697276928,0
173,1725.001,final_recovery,1,1,0,0,987654,4294967295,0,1,0,1,0,8,0,0,0,1,8,0,0,0,0,0,3354624,1073741824,1073741824,1073741824,439697276928,409
174,1735.001,final_recovery,1,1,0,0,987654,4294967295,0,0,0,0,1,8,0,0,0,0,8,1,409,701,0,0,3354624,1073741824,1073741824,1073741824,439697276928,409
175,1745.001,final_recovery,1,1,0,0,987654,4294967295,0,0,0,0,0,8,0,0,0,0,8,0,409,701,0,0,3354624,1073741824,1073741824,1073741824,439697276928,409
