edge,time_ns,scenario,rst_n,enable,start,cancel,cmp_valid,cmp_ge,pre_bit_index,pre_busy,pre_trial,pre_resolved,post_bit_index,post_busy,post_done,post_resolved_valid,post_compare_enable,post_trial,post_resolved
1,5.001,reset,0,0,0,0,0,1,0,0,0,0,0,0,0,0,0,0,0
2,15.001,reset,0,0,0,0,0,1,0,0,0,0,0,0,0,0,0,0,0
3,25.001,reset,1,1,0,0,0,1,0,0,0,0,0,0,0,0,0,0,0
4,35.001,normal_stall_complete,1,1,1,0,0,1,0,0,0,0,5,1,0,1,1,352,320
5,45.001,normal_stall_complete,1,1,0,0,0,0,5,1,352,320,5,1,0,0,1,352,320
6,55.001,normal_stall_complete,1,1,0,0,1,0,5,1,352,320,4,1,0,1,1,336,320
7,65.001,normal_stall_complete,1,1,0,0,0,1,4,1,336,320,4,1,0,0,1,336,320
8,75.001,normal_stall_complete,1,1,1,0,1,1,4,1,336,320,3,1,0,1,1,344,336
9,85.001,normal_stall_complete,1,1,0,0,1,1,3,1,344,336,2,1,0,1,1,348,344
10,95.001,normal_stall_complete,1,1,0,0,0,0,2,1,348,344,2,1,0,0,1,348,344
11,105.001,normal_stall_complete,1,1,0,0,1,0,2,1,348,344,1,1,0,1,1,346,344
12,115.001,normal_stall_complete,1,1,0,0,1,0,1,1,346,344,0,1,0,1,1,345,344
13,125.001,normal_stall_complete,1,1,0,0,0,1,0,1,345,344,0,1,0,0,1,345,344
14,135.001,normal_stall_complete,1,1,0,0,1,1,0,1,345,344,0,0,1,1,0,345,345
15,145.001,normal_stall_complete,1,1,0,0,0,1,0,0,345,345,0,0,0,0,0,345,345
16,155.001,cancel_during_compare,1,1,1,0,0,0,0,0,345,345,5,1,0,1,1,96,64
17,165.001,cancel_during_compare,1,1,0,0,0,1,5,1,96,64,5,1,0,0,1,96,64
18,175.001,cancel_during_compare,1,1,0,0,1,1,5,1,96,64,4,1,0,1,1,112,96
19,185.001,cancel_during_compare,1,1,0,1,1,1,4,1,112,96,4,0,0,0,0,112,96
20,195.001,cancel_during_compare,1,1,0,0,0,1,4,0,112,96,4,0,0,0,0,112,96
21,205.001,cancel_during_compare,1,1,0,0,0,1,4,0,112,96,4,0,0,0,0,112,96
22,215.001,cancel_during_compare,1,1,0,0,0,1,4,0,112,96,4,0,0,0,0,112,96
23,225.001,recovery_stall_complete,1,1,1,0,0,1,4,0,112,96,5,1,0,1,1,224,192
24,235.001,recovery_stall_complete,1,1,0,0,0,0,5,1,224,192,5,1,0,0,1,224,192
25,245.001,recovery_stall_complete,1,1,0,0,1,0,5,1,224,192,4,1,0,1,1,208,192
26,255.001,recovery_stall_complete,1,1,0,0,0,0,4,1,208,192,4,1,0,0,1,208,192
27,265.001,recovery_stall_complete,1,1,1,0,1,0,4,1,208,192,3,1,0,1,1,200,192
28,275.001,recovery_stall_complete,1,1,0,0,1,1,3,1,200,192,2,1,0,1,1,204,200
29,285.001,recovery_stall_complete,1,1,0,0,0,0,2,1,204,200,2,1,0,0,1,204,200
30,295.001,recovery_stall_complete,1,1,0,0,1,0,2,1,204,200,1,1,0,1,1,202,200
31,305.001,recovery_stall_complete,1,1,0,0,1,0,1,1,202,200,0,1,0,1,1,201,200
32,315.001,recovery_stall_complete,1,1,0,0,0,1,0,1,201,200,0,1,0,0,1,201,200
33,325.001,recovery_stall_complete,1,1,0,0,1,1,0,1,201,200,0,0,1,1,0,201,201
34,335.001,recovery_stall_complete,1,1,0,0,0,1,0,0,201,201,0,0,0,0,0,201,201
35,345.001,recovery_stall_complete,1,1,0,0,0,1,0,0,201,201,0,0,0,0,0,201,201
36,355.001,recovery_stall_complete,1,1,0,0,0,1,0,0,201,201,0,0,0,0,0,201,201
37,365.001,recovery_stall_complete,1,1,0,0,0,1,0,0,201,201,0,0,0,0,0,201,201
38,375.001,recovery_stall_complete,1,1,0,0,0,1,0,0,201,201,0,0,0,0,0,201,201
39,385.001,recovery_stall_complete,1,1,0,0,0,1,0,0,201,201,0,0,0,0,0,201,201
40,395.001,recovery_stall_complete,1,1,0,0,0,1,0,0,201,201,0,0,0,0,0,201,201
41,405.001,recovery_stall_complete,1,1,0,0,0,1,0,0,201,201,0,0,0,0,0,201,201
42,415.001,recovery_stall_complete,1,1,0,0,0,1,0,0,201,201,0,0,0,0,0,201,201
43,425.001,recovery_stall_complete,1,1,0,0,0,1,0,0,201,201,0,0,0,0,0,201,201
44,435.001,recovery_stall_complete,1,1,0,0,0,1,0,0,201,201,0,0,0,0,0,201,201
45,445.001,recovery_stall_complete,1,1,0,0,0,1,0,0,201,201,0,0,0,0,0,201,201
46,455.001,recovery_stall_complete,1,1,0,0,0,1,0,0,201,201,0,0,0,0,0,201,201
47,465.001,recovery_stall_complete,1,1,0,0,0,1,0,0,201,201,0,0,0,0,0,201,201
48,475.001,recovery_stall_complete,1,1,0,0,0,1,0,0,201,201,0,0,0,0,0,201,201
49,485.001,recovery_stall_complete,1,1,0,0,0,1,0,0,201,201,0,0,0,0,0,201,201
50,495.001,recovery_stall_complete,1,1,0,0,0,1,0,0,201,201,0,0,0,0,0,201,201
51,505.001,recovery_stall_complete,1,1,0,0,0,1,0,0,201,201,0,0,0,0,0,201,201
52,515.001,recovery_stall_complete,1,1,0,0,0,1,0,0,201,201,0,0,0,0,0,201,201
53,525.001,recovery_stall_complete,1,1,0,0,0,1,0,0,201,201,0,0,0,0,0,201,201
54,535.001,recovery_stall_complete,1,1,0,0,0,1,0,0,201,201,0,0,0,0,0,201,201
55,545.001,recovery_stall_complete,1,1,0,0,0,1,0,0,201,201,0,0,0,0,0,201,201
56,555.001,recovery_stall_complete,1,1,0,0,0,1,0,0,201,201,0,0,0,0,0,201,201
57,565.001,recovery_stall_complete,1,1,0,0,0,1,0,0,201,201,0,0,0,0,0,201,201
58,575.001,recovery_stall_complete,1,1,0,0,0,1,0,0,201,201,0,0,0,0,0,201,201
59,585.001,recovery_stall_complete,1,1,0,0,0,1,0,0,201,201,0,0,0,0,0,201,201
60,595.001,recovery_stall_complete,1,1,0,0,0,1,0,0,201,201,0,0,0,0,0,201,201
61,605.001,recovery_stall_complete,1,1,0,0,0,1,0,0,201,201,0,0,0,0,0,201,201
62,615.001,recovery_stall_complete,1,1,0,0,0,1,0,0,201,201,0,0,0,0,0,201,201
63,625.001,recovery_stall_complete,1,1,0,0,0,1,0,0,201,201,0,0,0,0,0,201,201
64,635.001,recovery_stall_complete,1,1,0,0,0,1,0,0,201,201,0,0,0,0,0,201,201
65,645.001,recovery_stall_complete,1,1,0,0,0,1,0,0,201,201,0,0,0,0,0,201,201
66,655.001,recovery_stall_complete,1,1,0,0,0,1,0,0,201,201,0,0,0,0,0,201,201
67,665.001,recovery_stall_complete,1,1,0,0,0,1,0,0,201,201,0,0,0,0,0,201,201
68,675.001,recovery_stall_complete,1,1,0,0,0,1,0,0,201,201,0,0,0,0,0,201,201
69,685.001,recovery_stall_complete,1,1,0,0,0,1,0,0,201,201,0,0,0,0,0,201,201
70,695.001,recovery_stall_complete,1,1,0,0,0,1,0,0,201,201,0,0,0,0,0,201,201
71,705.001,recovery_stall_complete,1,1,0,0,0,1,0,0,201,201,0,0,0,0,0,201,201
72,715.001,recovery_stall_complete,1,1,0,0,0,1,0,0,201,201,0,0,0,0,0,201,201
73,725.001,recovery_stall_complete,1,1,0,0,0,1,0,0,201,201,0,0,0,0,0,201,201
74,735.001,recovery_stall_complete,1,1,0,0,0,1,0,0,201,201,0,0,0,0,0,201,201
75,745.001,recovery_stall_complete,1,1,0,0,0,1,0,0,201,201,0,0,0,0,0,201,201
76,755.001,recovery_stall_complete,1,1,0,0,0,1,0,0,201,201,0,0,0,0,0,201,201
77,765.001,recovery_stall_complete,1,1,0,0,0,1,0,0,201,201,0,0,0,0,0,201,201
78,775.001,recovery_stall_complete,1,1,0,0,0,1,0,0,201,201,0,0,0,0,0,201,201
79,785.001,recovery_stall_complete,1,1,0,0,0,1,0,0,201,201,0,0,0,0,0,201,201
80,795.001,recovery_stall_complete,1,1,0,0,0,1,0,0,201,201,0,0,0,0,0,201,201
81,805.001,recovery_stall_complete,1,1,0,0,0,1,0,0,201,201,0,0,0,0,0,201,201
82,815.001,recovery_stall_complete,1,1,0,0,0,1,0,0,201,201,0,0,0,0,0,201,201
83,825.001,recovery_stall_complete,1,1,0,0,0,1,0,0,201,201,0,0,0,0,0,201,201
84,835.001,recovery_stall_complete,1,1,0,0,0,1,0,0,201,201,0,0,0,0,0,201,201
85,845.001,recovery_stall_complete,1,1,0,0,0,1,0,0,201,201,0,0,0,0,0,201,201
86,855.001,recovery_stall_complete,1,1,0,0,0,1,0,0,201,201,0,0,0,0,0,201,201
87,865.001,recovery_stall_complete,1,1,0,0,0,1,0,0,201,201,0,0,0,0,0,201,201
88,875.001,recovery_stall_complete,1,1,0,0,0,1,0,0,201,201,0,0,0,0,0,201,201
89,885.001,recovery_stall_complete,1,1,0,0,0,1,0,0,201,201,0,0,0,0,0,201,201
90,895.001,recovery_stall_complete,1,1,0,0,0,1,0,0,201,201,0,0,0,0,0,201,201
91,905.001,recovery_stall_complete,1,1,0,0,0,1,0,0,201,201,0,0,0,0,0,201,201
92,915.001,recovery_stall_complete,1,1,0,0,0,1,0,0,201,201,0,0,0,0,0,201,201
93,925.001,recovery_stall_complete,1,1,0,0,0,1,0,0,201,201,0,0,0,0,0,201,201
94,935.001,recovery_stall_complete,1,1,0,0,0,1,0,0,201,201,0,0,0,0,0,201,201
95,945.001,recovery_stall_complete,1,1,0,0,0,1,0,0,201,201,0,0,0,0,0,201,201
96,955.001,recovery_stall_complete,1,1,0,0,0,1,0,0,201,201,0,0,0,0,0,201,201
97,965.001,recovery_stall_complete,1,1,0,0,0,1,0,0,201,201,0,0,0,0,0,201,201
98,975.001,recovery_stall_complete,1,1,0,0,0,1,0,0,201,201,0,0,0,0,0,201,201
99,985.001,recovery_stall_complete,1,1,0,0,0,1,0,0,201,201,0,0,0,0,0,201,201
100,995.001,recovery_stall_complete,1,1,0,0,0,1,0,0,201,201,0,0,0,0,0,201,201
101,1005.001,recovery_stall_complete,1,1,0,0,0,1,0,0,201,201,0,0,0,0,0,201,201
102,1015.001,recovery_stall_complete,1,1,0,0,0,1,0,0,201,201,0,0,0,0,0,201,201
103,1025.001,recovery_stall_complete,1,1,0,0,0,1,0,0,201,201,0,0,0,0,0,201,201
104,1035.001,recovery_stall_complete,1,1,0,0,0,1,0,0,201,201,0,0,0,0,0,201,201
105,1045.001,recovery_stall_complete,1,1,0,0,0,1,0,0,201,201,0,0,0,0,0,201,201
106,1055.001,recovery_stall_complete,1,1,0,0,0,1,0,0,201,201,0,0,0,0,0,201,201
107,1065.001,recovery_stall_complete,1,1,0,0,0,1,0,0,201,201,0,0,0,0,0,201,201
108,1075.001,recovery_stall_complete,1,1,0,0,0,1,0,0,201,201,0,0,0,0,0,201,201
109,1085.001,recovery_stall_complete,1,1,0,0,0,1,0,0,201,201,0,0,0,0,0,201,201
110,1095.001,recovery_stall_complete,1,1,0,0,0,1,0,0,201,201,0,0,0,0,0,201,201
111,1105.001,recovery_stall_complete,1,1,0,0,0,1,0,0,201,201,0,0,0,0,0,201,201
112,1115.001,recovery_stall_complete,1,1,0,0,0,1,0,0,201,201,0,0,0,0,0,201,201
113,1125.001,recovery_stall_complete,1,1,0,0,0,1,0,0,201,201,0,0,0,0,0,201,201
114,1135.001,recovery_stall_complete,1,1,0,0,0,1,0,0,201,201,0,0,0,0,0,201,201
115,1145.001,recovery_stall_complete,1,1,0,0,0,1,0,0,201,201,0,0,0,0,0,201,201
116,1155.001,recovery_stall_complete,1,1,0,0,0,1,0,0,201,201,0,0,0,0,0,201,201
117,1165.001,recovery_stall_complete,1,1,0,0,0,1,0,0,201,201,0,0,0,0,0,201,201
118,1175.001,recovery_stall_complete,1,1,0,0,0,1,0,0,201,201,0,0,0,0,0,201,201
119,1185.001,recovery_stall_complete,1,1,0,0,0,1,0,0,201,201,0,0,0,0,0,201,201
120,1195.001,recovery_stall_complete,1,1,0,0,0,1,0,0,201,201,0,0,0,0,0,201,201
121,1205.001,recovery_stall_complete,1,1,0,0,0,1,0,0,201,201,0,0,0,0,0,201,201
122,1215.001,recovery_stall_complete,1,1,0,0,0,1,0,0,201,201,0,0,0,0,0,201,201
123,1225.001,recovery_stall_complete,1,1,0,0,0,1,0,0,201,201,0,0,0,0,0,201,201
124,1235.001,recovery_stall_complete,1,1,0,0,0,1,0,0,201,201,0,0,0,0,0,201,201
125,1245.001,recovery_stall_complete,1,1,0,0,0,1,0,0,201,201,0,0,0,0,0,201,201
126,1255.001,recovery_stall_complete,1,1,0,0,0,1,0,0,201,201,0,0,0,0,0,201,201
127,1265.001,recovery_stall_complete,1,1,0,0,0,1,0,0,201,201,0,0,0,0,0,201,201
128,1275.001,recovery_stall_complete,1,1,0,0,0,1,0,0,201,201,0,0,0,0,0,201,201
129,1285.001,recovery_stall_complete,1,1,0,0,0,1,0,0,201,201,0,0,0,0,0,201,201
130,1295.001,recovery_stall_complete,1,1,0,0,0,1,0,0,201,201,0,0,0,0,0,201,201
131,1305.001,recovery_stall_complete,1,1,0,0,0,1,0,0,201,201,0,0,0,0,0,201,201
132,1315.001,recovery_stall_complete,1,1,0,0,0,1,0,0,201,201,0,0,0,0,0,201,201
133,1325.001,recovery_stall_complete,1,1,0,0,0,1,0,0,201,201,0,0,0,0,0,201,201
134,1335.001,recovery_stall_complete,1,1,0,0,0,1,0,0,201,201,0,0,0,0,0,201,201
135,1345.001,recovery_stall_complete,1,1,0,0,0,1,0,0,201,201,0,0,0,0,0,201,201
136,1355.001,recovery_stall_complete,1,1,0,0,0,1,0,0,201,201,0,0,0,0,0,201,201
137,1365.001,recovery_stall_complete,1,1,0,0,0,1,0,0,201,201,0,0,0,0,0,201,201
138,1375.001,recovery_stall_complete,1,1,0,0,0,1,0,0,201,201,0,0,0,0,0,201,201
139,1385.001,recovery_stall_complete,1,1,0,0,0,1,0,0,201,201,0,0,0,0,0,201,201
140,1395.001,recovery_stall_complete,1,1,0,0,0,1,0,0,201,201,0,0,0,0,0,201,201
141,1405.001,recovery_stall_complete,1,1,0,0,0,1,0,0,201,201,0,0,0,0,0,201,201
142,1415.001,recovery_stall_complete,1,1,0,0,0,1,0,0,201,201,0,0,0,0,0,201,201
143,1425.001,recovery_stall_complete,1,1,0,0,0,1,0,0,201,201,0,0,0,0,0,201,201
144,1435.001,recovery_stall_complete,1,1,0,0,0,1,0,0,201,201,0,0,0,0,0,201,201
145,1445.001,recovery_stall_complete,1,1,0,0,0,1,0,0,201,201,0,0,0,0,0,201,201
146,1455.001,recovery_stall_complete,1,1,0,0,0,1,0,0,201,201,0,0,0,0,0,201,201
147,1465.001,recovery_stall_complete,1,1,0,0,0,1,0,0,201,201,0,0,0,0,0,201,201
148,1475.001,recovery_stall_complete,1,1,0,0,0,1,0,0,201,201,0,0,0,0,0,201,201
149,1485.001,recovery_stall_complete,1,1,0,0,0,1,0,0,201,201,0,0,0,0,0,201,201
150,1495.001,recovery_stall_complete,1,1,0,0,0,1,0,0,201,201,0,0,0,0,0,201,201
151,1505.001,recovery_stall_complete,1,1,0,0,0,1,0,0,201,201,0,0,0,0,0,201,201
152,1515.001,recovery_stall_complete,1,1,0,0,0,1,0,0,201,201,0,0,0,0,0,201,201
153,1525.001,recovery_stall_complete,1,1,0,0,0,1,0,0,201,201,0,0,0,0,0,201,201
154,1535.001,recovery_stall_complete,1,1,0,0,0,1,0,0,201,201,0,0,0,0,0,201,201
155,1545.001,recovery_stall_complete,1,1,0,0,0,1,0,0,201,201,0,0,0,0,0,201,201
156,1555.001,recovery_stall_complete,1,1,0,0,0,1,0,0,201,201,0,0,0,0,0,201,201
157,1565.001,recovery_stall_complete,1,1,0,0,0,1,0,0,201,201,0,0,0,0,0,201,201
158,1575.001,recovery_stall_complete,1,1,0,0,0,1,0,0,201,201,0,0,0,0,0,201,201
159,1585.001,recovery_stall_complete,1,1,0,0,0,1,0,0,201,201,0,0,0,0,0,201,201
160,1595.001,recovery_stall_complete,1,1,0,0,0,1,0,0,201,201,0,0,0,0,0,201,201
161,1605.001,recovery_stall_complete,1,1,0,0,0,1,0,0,201,201,0,0,0,0,0,201,201
162,1615.001,recovery_stall_complete,1,1,0,0,0,1,0,0,201,201,0,0,0,0,0,201,201
163,1625.001,recovery_stall_complete,1,1,0,0,0,1,0,0,201,201,0,0,0,0,0,201,201
164,1635.001,recovery_stall_complete,1,1,0,0,0,1,0,0,201,201,0,0,0,0,0,201,201
165,1645.001,recovery_stall_complete,1,1,0,0,0,1,0,0,201,201,0,0,0,0,0,201,201
166,1655.001,recovery_stall_complete,1,1,0,0,0,1,0,0,201,201,0,0,0,0,0,201,201
167,1665.001,recovery_stall_complete,1,1,0,0,0,1,0,0,201,201,0,0,0,0,0,201,201
168,1675.001,recovery_stall_complete,1,1,0,0,0,1,0,0,201,201,0,0,0,0,0,201,201
169,1685.001,recovery_stall_complete,1,1,0,0,0,1,0,0,201,201,0,0,0,0,0,201,201
170,1695.001,recovery_stall_complete,1,1,0,0,0,1,0,0,201,201,0,0,0,0,0,201,201
171,1705.001,recovery_stall_complete,1,1,0,0,0,1,0,0,201,201,0,0,0,0,0,201,201
172,1715.001,recovery_stall_complete,1,1,0,0,0,1,0,0,201,201,0,0,0,0,0,201,201
173,1725.001,recovery_stall_complete,1,1,0,0,0,1,0,0,201,201,0,0,0,0,0,201,201
174,1735.001,recovery_stall_complete,1,1,0,0,0,1,0,0,201,201,0,0,0,0,0,201,201
175,1745.001,recovery_stall_complete,1,1,0,0,0,1,0,0,201,201,0,0,0,0,0,201,201
